trial,model,condition,block,tick,accuracy,active_fraction,mass_per_tick,switch_rate,drive_A,active_A,threshold_A,drive_B,active_B,threshold_B,drive_C,active_C,threshold_C
0,er,train,0,400,0.46,0.4975,153.584,0.255,0.162177,0.488333,3.39112,0.306819,0.493375,3.25162,0.531004,0.503,3.34655
0,er,train,1,800,0.62,0.499739,153.732,0.27,0.158963,0.484375,3.32624,0.307674,0.50625,3.24229,0.533363,0.501286,3.37324
0,er,train,2,1200,0.7,0.496119,149.665,0.2875,0.16045,0.485417,3.27594,0.313331,0.4995,3.19905,0.52622,0.497857,3.27902
0,er,train,3,1600,0.72,0.496119,156.616,0.31,0.157816,0.470417,3.37425,0.310105,0.501375,3.30159,0.532079,0.501929,3.42979
0,er,train,4,2000,0.82,0.486978,147.543,0.265,0.159509,0.477917,3.27439,0.312475,0.489375,3.19192,0.528016,0.488714,3.28262
0,er,train,5,2400,0.82,0.495522,154.579,0.2825,0.15985,0.482917,3.34432,0.315942,0.500375,3.29564,0.524209,0.497071,3.37695
0,er,train,6,2800,0.82,0.494291,150.157,0.2925,0.160698,0.483958,3.27399,0.315564,0.501625,3.23907,0.523738,0.493643,3.30435
0,er,train,7,3200,0.86,0.498582,150.278,0.245,0.154422,0.47375,3.22997,0.320878,0.507875,3.25111,0.524699,0.501786,3.29499
0,er,train,8,3600,0.91,0.496343,155.073,0.2625,0.159483,0.493958,3.32451,0.319237,0.502625,3.30092,0.521279,0.493571,3.3975
0,er,train,9,4000,0.93,0.500821,154.605,0.27,0.157285,0.490417,3.30363,0.311167,0.496875,3.22414,0.531549,0.506643,3.4126
0,er,train,10,4400,0.93,0.500746,152.294,0.2725,0.163853,0.493333,3.28618,0.313756,0.502875,3.22749,0.522391,0.502071,3.33975
0,er,train,11,4800,0.95,0.499813,154.517,0.23,0.160222,0.48375,3.31565,0.317866,0.51275,3.29046,0.521912,0.497929,3.38073
0,er,train,12,5200,0.91,0.494963,153.477,0.285,0.164107,0.478958,3.37809,0.312149,0.503375,3.26743,0.523744,0.495643,3.33931
0,er,train,13,5600,0.98,0.494925,152.765,0.2975,0.164367,0.493542,3.30792,0.31135,0.49525,3.23578,0.524283,0.495214,3.35343
0,er,train,14,6000,0.97,0.504813,155.938,0.2575,0.165221,0.490208,3.38262,0.313435,0.51,3.26214,0.521344,0.506857,3.37585
0,gate,train,0,400,0.47,0.505224,163.78,0.1375,0.162798,0.506667,0.2,0.305491,0.4965,0.2,0.531711,0.509714,0.2
0,gate,train,1,800,0.59,0.492985,160.807,0.1575,0.155424,0.466667,0.2,0.306157,0.486,0.2,0.538419,0.506,0.2
0,gate,train,2,1200,0.77,0.48806,157.122,0.18,0.160981,0.473333,0.2,0.311018,0.477,0.2,0.528002,0.499429,0.2
0,gate,train,3,1600,0.79,0.504925,166.641,0.1725,0.15752,0.4725,0.2,0.312928,0.5065,0.2,0.529552,0.515143,0.2
0,gate,train,4,2000,0.81,0.48194,154.912,0.1425,0.158429,0.473333,0.2,0.31121,0.469,0.2,0.530362,0.492286,0.2
0,gate,train,5,2400,0.79,0.50194,163.695,0.16,0.158153,0.489167,0.2,0.317746,0.502,0.2,0.524101,0.506286,0.2
0,gate,train,6,2800,0.84,0.498507,159.46,0.14,0.15798,0.476667,0.2,0.319187,0.503,0.2,0.522833,0.503429,0.2
0,gate,train,7,3200,0.88,0.49403,157.87,0.1475,0.153199,0.465833,0.2,0.325317,0.508,0.2,0.521484,0.495714,0.2
0,gate,train,8,3600,0.94,0.503284,165.066,0.1575,0.160867,0.515,0.2,0.323677,0.507,0.2,0.515456,0.497143,0.2
0,gate,train,9,4000,0.94,0.505075,163.92,0.1475,0.156337,0.5,0.2,0.315578,0.487,0.2,0.528084,0.517143,0.2
0,gate,train,10,4400,0.96,0.492537,159.318,0.135,0.161394,0.483333,0.2,0.319934,0.489,0.2,0.518672,0.497714,0.2
0,gate,train,11,4800,0.96,0.499104,163.06,0.1525,0.158695,0.481667,0.2,0.316908,0.4945,0.2,0.524397,0.507714,0.2
0,gate,train,12,5200,0.95,0.495373,162.198,0.1625,0.1651,0.4875,0.2,0.317595,0.4995,0.2,0.517305,0.495714,0.2
0,gate,train,13,5600,0.93,0.490448,160.788,0.16,0.161113,0.476667,0.2,0.316605,0.4875,0.2,0.522282,0.496857,0.2
0,gate,train,14,6000,0.96,0.500448,164.537,0.1525,0.16342,0.486667,0.2,0.318306,0.501,0.2,0.518273,0.504857,0.2
0,linear,train,0,400,0.58,1,205.761,0.1575,0.162843,1,0.2,0.307475,1,0.2,0.529682,1,0.2
0,linear,train,1,800,0.75,1,203.582,0.165,0.156878,1,0.2,0.311271,1,0.2,0.531851,1,0.2
0,linear,train,2,1200,0.82,1,200.113,0.13,0.161612,1,0.2,0.313826,1,0.2,0.524562,1,0.2
0,linear,train,3,1600,0.87,1,208.016,0.1425,0.158147,1,0.2,0.314507,1,0.2,0.527346,1,0.2
0,linear,train,4,2000,0.94,1,199.01,0.125,0.159451,1,0.2,0.314253,1,0.2,0.526296,1,0.2
0,linear,train,5,2400,0.94,1,205.573,0.145,0.159289,1,0.2,0.314802,1,0.2,0.525909,1,0.2
0,linear,train,6,2800,0.91,1,201.535,0.1225,0.15821,1,0.2,0.315786,1,0.2,0.526004,1,0.2
0,linear,train,7,3200,0.96,1,200.732,0.1375,0.155412,1,0.2,0.319597,1,0.2,0.524992,1,0.2
0,linear,train,8,3600,0.98,1,207.212,0.1525,0.157309,1,0.2,0.318415,1,0.2,0.524276,1,0.2
0,linear,train,9,4000,0.99,1,205.779,0.1325,0.157467,1,0.2,0.314993,1,0.2,0.52754,1,0.2
0,linear,train,10,4400,0.95,1,202.854,0.1375,0.160505,1,0.2,0.31516,1,0.2,0.524335,1,0.2
0,linear,train,11,4800,0.97,1,206.414,0.1525,0.157256,1,0.2,0.316511,1,0.2,0.526233,1,0.2
0,linear,train,12,5200,0.99,1,205.018,0.1575,0.161977,1,0.2,0.315613,1,0.2,0.52241,1,0.2
0,linear,train,13,5600,0.97,1,204.035,0.1525,0.160213,1,0.2,0.313974,1,0.2,0.525812,1,0.2
0,linear,train,14,6000,0.98,1,207.487,0.145,0.160625,1,0.2,0.316301,1,0.2,0.523074,1,0.2
1,er,train,0,400,0.05,0.487201,146.84,0.2175,0.19738,0.508958,3.48271,0.259187,0.469625,3.04112,0.543433,0.489786,3.23584
1,er,train,1,800,0.1,0.494739,147.533,0.205,0.190323,0.498125,3.44247,0.258137,0.484625,3.0034,0.551541,0.499357,3.25881
1,er,train,2,1200,0.25,0.500709,151.978,0.205,0.197106,0.51625,3.56472,0.264339,0.4925,3.0969,0.538556,0.500071,3.29923
1,er,train,3,1600,0.34,0.491604,150.1,0.21,0.193339,0.501875,3.51309,0.255017,0.469625,3.04063,0.551644,0.500643,3.32182
1,er,train,4,2000,0.48,0.496007,152.418,0.2275,0.199912,0.517292,3.58972,0.260489,0.48225,3.08438,0.539599,0.496571,3.3214
1,er,train,5,2400,0.54,0.496493,150.167,0.225,0.193195,0.515833,3.44979,0.265898,0.483125,3.09175,0.540906,0.4975,3.27705
1,er,train,6,2800,0.64,0.496007,149.735,0.2125,0.19559,0.517708,3.546,0.256764,0.480375,3.02198,0.547646,0.4975,3.30182
1,er,train,7,3200,0.71,0.490261,150.927,0.24,0.197499,0.505208,3.57706,0.259873,0.467875,3.05457,0.542629,0.497929,3.32097
1,er,train,8,3600,0.83,0.491604,149.239,0.2075,0.192991,0.509792,3.45348,0.257934,0.468625,3.02966,0.549076,0.4985,3.3076
1,er,train,9,4000,0.83,0.490672,149.156,0.27,0.19039,0.510417,3.4433,0.259504,0.478,3.04678,0.550105,0.491143,3.33509
1,er,train,10,4400,0.89,0.492127,149.287,0.2375,0.188916,0.502292,3.42668,0.266361,0.4805,3.04167,0.544723,0.495286,3.30621
1,er,train,11,4800,0.8,0.495672,147.937,0.215,0.193215,0.508125,3.43227,0.269685,0.486625,3.0498,0.5371,0.496571,3.25147
1,er,train,12,5200,0.86,0.486679,149.014,0.21,0.204093,0.51875,3.6122,0.266293,0.470875,3.0793,0.529614,0.484714,3.26666
1,er,train,13,5600,0.89,0.492388,149.51,0.26,0.197332,0.515833,3.50329,0.271714,0.477625,3.06191,0.530954,0.492786,3.2809
1,er,train,14,6000,0.92,0.488433,146.325,0.215,0.190648,0.5025,3.41783,0.266941,0.467875,3.01442,0.542411,0.495357,3.2639
1,gate,train,0,400,0.07,0.490149,155.669,0.1175,0.206003,0.538333,0.2,0.252107,0.449,0.2,0.541891,0.497143,0.2
1,gate,train,1,800,0.06,0.48403,154.606,0.13,0.201418,0.518333,0.2,0.248117,0.4415,0.2,0.550466,0.496571,0.2
1,gate,train,2,1200,0.22,0.512388,162.808,0.13,0.205647,0.558333,0.2,0.255357,0.4685,0.2,0.538996,0.521714,0.2
1,gate,train,3,1600,0.39,0.497463,159.843,0.1425,0.204859,0.544167,0.2,0.250361,0.4505,0.2,0.544779,0.508286,0.2
1,gate,train,4,2000,0.54,0.499851,161.997,0.1425,0.21231,0.565,0.2,0.251312,0.4435,0.2,0.536379,0.509714,0.2
1,gate,train,5,2400,0.66,0.49791,159.441,0.1425,0.202271,0.5475,0.2,0.258647,0.449,0.2,0.539082,0.508857,0.2
1,gate,train,6,2800,0.7,0.498209,158.526,0.14,0.210999,0.560833,0.2,0.250683,0.448,0.2,0.538318,0.505429,0.2
1,gate,train,7,3200,0.73,0.501194,161.78,0.1275,0.208225,0.540833,0.2,0.256585,0.4545,0.2,0.53519,0.514286,0.2
1,gate,train,8,3600,0.87,0.496716,158.468,0.14,0.197856,0.535,0.2,0.252866,0.442,0.2,0.549279,0.514857,0.2
1,gate,train,9,4000,0.9,0.500746,159.572,0.1725,0.19957,0.545,0.2,0.252245,0.45,0.2,0.548185,0.514571,0.2
1,gate,train,10,4400,0.89,0.494179,157.82,0.14,0.196385,0.523333,0.2,0.258429,0.445,0.2,0.545186,0.512286,0.2
1,gate,train,11,4800,0.88,0.489552,155.81,0.165,0.203504,0.531667,0.2,0.264713,0.452,0.2,0.531783,0.496571,0.2
1,gate,train,12,5200,0.9,0.499552,159.547,0.1325,0.218475,0.575833,0.2,0.259857,0.45,0.2,0.521667,0.501714,0.2
1,gate,train,13,5600,0.89,0.49791,158.818,0.1375,0.20841,0.543333,0.2,0.261945,0.4425,0.2,0.529645,0.514,0.2
1,gate,train,14,6000,0.93,0.484925,154.353,0.1475,0.198074,0.521667,0.2,0.264203,0.4425,0.2,0.537723,0.496571,0.2
1,linear,train,0,400,0.05,1,197.152,0.115,0.196742,1,0.2,0.260813,1,0.2,0.542445,1,0.2
1,linear,train,1,800,0.14,1,197.4,0.12,0.194594,1,0.2,0.262237,1,0.2,0.543169,1,0.2
1,linear,train,2,1200,0.34,1,202.588,0.125,0.195904,1,0.2,0.266835,1,0.2,0.537261,1,0.2
1,linear,train,3,1600,0.61,1,200.257,0.145,0.193922,1,0.2,0.264649,1,0.2,0.541429,1,0.2
1,linear,train,4,2000,0.72,1,203.076,0.15,0.19625,1,0.2,0.26865,1,0.2,0.5351,1,0.2
1,linear,train,5,2400,0.76,1,200.288,0.16,0.187484,1,0.2,0.272633,1,0.2,0.539883,1,0.2
1,linear,train,6,2800,0.81,1,199.582,0.13,0.194079,1,0.2,0.266102,1,0.2,0.539819,1,0.2
1,linear,train,7,3200,0.87,1,201.848,0.125,0.193214,1,0.2,0.269666,1,0.2,0.537121,1,0.2
1,linear,train,8,3600,0.91,1,198.703,0.1325,0.186488,1,0.2,0.265599,1,0.2,0.547913,1,0.2
1,linear,train,9,4000,0.99,1,199.958,0.17,0.186628,1,0.2,0.26901,1,0.2,0.544362,1,0.2
1,linear,train,10,4400,0.95,1,199.603,0.135,0.184593,1,0.2,0.272432,1,0.2,0.542975,1,0.2
1,linear,train,11,4800,0.9,1,197.268,0.16,0.18845,1,0.2,0.275266,1,0.2,0.536284,1,0.2
1,linear,train,12,5200,0.96,1,200.202,0.1475,0.199682,1,0.2,0.274722,1,0.2,0.525595,1,0.2
1,linear,train,13,5600,0.95,1,200.077,0.155,0.193683,1,0.2,0.27442,1,0.2,0.531897,1,0.2
1,linear,train,14,6000,0.98,1,196.286,0.16,0.186996,1,0.2,0.273711,1,0.2,0.539294,1,0.2
2,er,train,0,400,0.1,0.488172,145.602,0.2525,0.189562,0.500208,3.32784,0.299242,0.476625,3.03705,0.511196,0.490643,3.24946
2,er,train,1,800,0.14,0.482873,143.011,0.26,0.186833,0.498125,3.28192,0.306228,0.469,3.08082,0.506939,0.485571,3.19562
2,er,train,2,1200,0.29,0.49291,146.232,0.285,0.174044,0.493958,3.21915,0.307097,0.488125,3.08054,0.518859,0.495286,3.26668
2,er,train,3,1600,0.42,0.491455,144.98,0.3125,0.182968,0.5,3.36143,0.305063,0.480125,3.07854,0.511969,0.495,3.18457
2,er,train,4,2000,0.44,0.489851,146.652,0.3025,0.183357,0.5075,3.34201,0.307942,0.481125,3.11557,0.508701,0.488786,3.23738
2,er,train,5,2400,0.57,0.482985,145.6,0.2625,0.17386,0.487708,3.24718,0.307208,0.475375,3.11239,0.518932,0.485714,3.27035
2,er,train,6,2800,0.57,0.482687,142.628,0.2525,0.175436,0.497917,3.18453,0.305449,0.48,3.09535,0.519115,0.479,3.20546
2,er,train,7,3200,0.78,0.486978,145.885,0.29,0.170675,0.49375,3.17139,0.301354,0.4705,3.11903,0.527971,0.494071,3.28064
2,er,train,8,3600,0.73,0.491381,147.712,0.265,0.173821,0.492708,3.28952,0.304201,0.486125,3.14893,0.521979,0.493929,3.25867
2,er,train,9,4000,0.81,0.483507,144.962,0.265,0.179752,0.50125,3.33049,0.290383,0.47325,3.04221,0.529865,0.483286,3.27021
2,er,train,10,4400,0.84,0.481306,145.976,0.28,0.175197,0.486458,3.26005,0.304499,0.47425,3.16468,0.520304,0.483571,3.25378
2,er,train,11,4800,0.84,0.488657,145.166,0.285,0.176229,0.487917,3.27049,0.294171,0.484875,3.03583,0.5296,0.491071,3.26466
2,er,train,12,5200,0.83,0.491194,145.222,0.2375,0.17517,0.500208,3.20901,0.299223,0.469,3.09295,0.525607,0.500786,3.23285
2,er,train,13,5600,0.89,0.492388,147.706,0.26,0.175071,0.488333,3.28325,0.296162,0.48425,3.09163,0.528768,0.498429,3.3014
2,er,train,14,6000,0.94,0.489291,145.199,0.27,0.177312,0.499375,3.2359,0.301277,0.48025,3.10925,0.521412,0.491,3.22952
2,gate,train,0,400,0.09,0.494179,154.736,0.15,0.194467,0.528333,0.2,0.2815,0.433,0.2,0.524033,0.517429,0.2
2,gate,train,1,800,0.16,0.485821,151.497,0.18,0.186615,0.498333,0.2,0.297603,0.45,0.2,0.515782,0.502,0.2
2,gate,train,2,1200,0.33,0.495672,155.072,0.1675,0.177687,0.506667,0.2,0.294848,0.451,0.2,0.527465,0.517429,0.2
2,gate,train,3,1600,0.44,0.485821,152.345,0.1625,0.193732,0.539167,0.2,0.296053,0.456,0.2,0.510215,0.484571,0.2
2,gate,train,4,2000,0.47,0.490448,154.745,0.18,0.185524,0.503333,0.2,0.297251,0.462,0.2,0.517225,0.502286,0.2
2,gate,train,5,2400,0.65,0.486119,153.617,0.17,0.180283,0.508333,0.2,0.294306,0.443,0.2,0.525411,0.503143,0.2
2,gate,train,6,2800,0.59,0.482985,150.627,0.1825,0.178405,0.500833,0.2,0.29649,0.462,0.2,0.525105,0.488857,0.2
2,gate,train,7,3200,0.81,0.487761,153.868,0.1625,0.175869,0.505,0.2,0.291467,0.4505,0.2,0.532663,0.503143,0.2
2,gate,train,8,3600,0.83,0.499701,157.268,0.1575,0.179037,0.524167,0.2,0.296352,0.4725,0.2,0.524611,0.506857,0.2
2,gate,train,9,4000,0.81,0.485821,153.276,0.16,0.184942,0.524167,0.2,0.274827,0.4335,0.2,0.540232,0.502571,0.2
2,gate,train,10,4400,0.86,0.486866,154.721,0.16,0.179719,0.5,0.2,0.294506,0.4545,0.2,0.525776,0.500857,0.2
2,gate,train,11,4800,0.83,0.496716,154.84,0.1625,0.182363,0.518333,0.2,0.279315,0.445,0.2,0.538322,0.518857,0.2
2,gate,train,12,5200,0.85,0.482836,151.675,0.1675,0.181183,0.503333,0.2,0.291279,0.4445,0.2,0.527538,0.497714,0.2
2,gate,train,13,5600,0.98,0.500149,157.578,0.16,0.180148,0.514167,0.2,0.281473,0.4475,0.2,0.538379,0.525429,0.2
2,gate,train,14,6000,0.91,0.490746,153.443,0.1775,0.181132,0.514167,0.2,0.296106,0.463,0.2,0.522761,0.498571,0.2
2,linear,train,0,400,0.11,1,195.318,0.1475,0.187531,1,0.2,0.296506,1,0.2,0.515963,1,0.2
2,linear,train,1,800,0.22,1,192.23,0.165,0.18265,1,0.2,0.307499,1,0.2,0.509851,1,0.2
2,linear,train,2,1200,0.45,1,195.21,0.18,0.174167,1,0.2,0.302838,1,0.2,0.522995,1,0.2
2,linear,train,3,1600,0.58,1,194.027,0.1625,0.185339,1,0.2,0.302895,1,0.2,0.511766,1,0.2
2,linear,train,4,2000,0.63,1,195.758,0.1725,0.182029,1,0.2,0.301283,1,0.2,0.516688,1,0.2
2,linear,train,5,2400,0.79,1,194.771,0.1675,0.177196,1,0.2,0.300318,1,0.2,0.522487,1,0.2
2,linear,train,6,2800,0.83,1,192.466,0.175,0.176474,1,0.2,0.30137,1,0.2,0.522155,1,0.2
2,linear,train,7,3200,0.9,1,194.963,0.16,0.173901,1,0.2,0.29753,1,0.2,0.528569,1,0.2
2,linear,train,8,3600,0.86,1,197.428,0.165,0.175912,1,0.2,0.299208,1,0.2,0.52488,1,0.2
2,linear,train,9,4000,0.9,1,194.692,0.1525,0.181933,1,0.2,0.285536,1,0.2,0.532531,1,0.2
2,linear,train,10,4400,0.88,1,195.977,0.165,0.177878,1,0.2,0.297752,1,0.2,0.52437,1,0.2
2,linear,train,11,4800,0.88,1,195.038,0.175,0.179885,1,0.2,0.290923,1,0.2,0.529192,1,0.2
2,linear,train,12,5200,0.91,1,193.447,0.18,0.177783,1,0.2,0.296383,1,0.2,0.525834,1,0.2
2,linear,train,13,5600,0.99,1,197.727,0.18,0.177347,1,0.2,0.292415,1,0.2,0.530238,1,0.2
2,linear,train,14,6000,0.96,1,194.83,0.1775,0.178401,1,0.2,0.298816,1,0.2,0.522783,1,0.2
3,er,train,0,400,0.35,0.494627,155.11,0.28,0.148393,0.495625,3.22434,0.304861,0.49575,3.36367,0.546745,0.493643,3.38141
3,er,train,1,800,0.54,0.491679,154.342,0.305,0.153295,0.48625,3.28923,0.294802,0.500875,3.32202,0.551903,0.488286,3.38338
3,er,train,2,1200,0.55,0.498993,155.627,0.2925,0.164111,0.514583,3.39268,0.290687,0.505125,3.27744,0.545202,0.490143,3.39195
3,er,train,3,1600,0.76,0.493358,154.38,0.25,0.154056,0.486875,3.26661,0.299228,0.4995,3.34876,0.546715,0.492071,3.36564
3,er,train,4,2000,0.73,0.495746,154.993,0.2775,0.151734,0.475833,3.2423,0.302141,0.50475,3.39373,0.546125,0.497429,3.36925
3,er,train,5,2400,0.82,0.498209,159.718,0.29,0.15577,0.498958,3.34727,0.292684,0.505,3.38956,0.551546,0.494071,3.46629
3,er,train,6,2800,0.89,0.493134,157.173,0.25,0.154292,0.492292,3.31148,0.289509,0.501,3.34739,0.556199,0.488929,3.45828
3,er,train,7,3200,0.86,0.491082,151.822,0.265,0.152585,0.4875,3.16634,0.293323,0.502375,3.28041,0.554092,0.485857,3.34912
3,er,train,8,3600,0.87,0.489701,155.572,0.28,0.154271,0.476875,3.29973,0.295483,0.50325,3.37453,0.550246,0.486357,3.40649
3,er,train,9,4000,0.93,0.49444,153.929,0.27,0.155229,0.494583,3.24194,0.292647,0.506,3.33217,0.552125,0.487786,3.37495
3,er,train,10,4400,0.87,0.495522,151.514,0.275,0.151987,0.488333,3.17101,0.29555,0.509375,3.30818,0.552463,0.490071,3.31257
3,er,train,11,4800,0.86,0.500075,157.587,0.28,0.161022,0.495833,3.3687,0.287163,0.500875,3.30786,0.551815,0.501071,3.41544
3,er,train,12,5200,0.95,0.499552,155.581,0.23,0.149253,0.495208,3.17315,0.290326,0.49975,3.36737,0.560422,0.500929,3.38985
3,er,train,13,5600,0.95,0.492575,152.074,0.2725,0.153588,0.480833,3.22582,0.284931,0.49275,3.25497,0.561481,0.4965,3.36561
3,er,train,14,6000,0.94,0.501493,158.12,0.2625,0.159923,0.498542,3.36571,0.286127,0.506875,3.3478,0.55395,0.499429,3.42484
3,gate,train,0,400,0.37,0.491493,162.712,0.1525,0.147156,0.480833,0.2,0.306956,0.492,0.2,0.545887,0.494857,0.2
3,gate,train,1,800,0.52,0.493582,162.799,0.1525,0.157424,0.499167,0.2,0.29653,0.498,0.2,0.546046,0.489143,0.2
3,gate,train,2,1200,0.58,0.495373,163.604,0.1475,0.166163,0.5125,0.2,0.29107,0.4875,0.2,0.542767,0.494,0.2
3,gate,train,3,1600,0.7,0.497313,163.822,0.1675,0.15109,0.475833,0.2,0.303803,0.5035,0.2,0.545106,0.501143,0.2
3,gate,train,4,2000,0.7,0.495672,163.796,0.1625,0.153717,0.47,0.2,0.304058,0.508,0.2,0.542225,0.497429,0.2
3,gate,train,5,2400,0.82,0.515224,171.353,0.1625,0.154386,0.5,0.2,0.294023,0.519,0.2,0.551591,0.518286,0.2
3,gate,train,6,2800,0.86,0.502836,167.114,0.165,0.154523,0.495,0.2,0.293073,0.505,0.2,0.552404,0.504286,0.2
3,gate,train,7,3200,0.89,0.485821,159.685,0.165,0.149735,0.465,0.2,0.293552,0.4885,0.2,0.556713,0.491429,0.2
3,gate,train,8,3600,0.86,0.503731,166.229,0.17,0.154612,0.493333,0.2,0.296172,0.503,0.2,0.549216,0.507714,0.2
3,gate,train,9,4000,0.89,0.489701,161.744,0.1725,0.154565,0.4825,0.2,0.29339,0.5,0.2,0.552045,0.486286,0.2
3,gate,train,10,4400,0.87,0.483881,158.165,0.165,0.150311,0.465833,0.2,0.29892,0.499,0.2,0.550769,0.481429,0.2
3,gate,train,11,4800,0.96,0.500149,166.665,0.1775,0.163194,0.5075,0.2,0.288476,0.493,0.2,0.54833,0.501714,0.2
3,gate,train,12,5200,0.97,0.498806,164.073,0.1325,0.147382,0.468333,0.2,0.291988,0.502,0.2,0.56063,0.507429,0.2
3,gate,train,13,5600,0.96,0.49209,160.303,0.1725,0.154076,0.475,0.2,0.288337,0.4845,0.2,0.557587,0.502286,0.2
3,gate,train,14,6000,0.93,0.515672,169.704,0.155,0.162491,0.520833,0.2,0.288897,0.5155,0.2,0.548612,0.514,0.2
3,linear,train,0,400,0.39,1,205.419,0.145,0.150986,1,0.2,0.304206,1,0.2,0.544808,1,0.2
3,linear,train,1,800,0.55,1,205.906,0.1575,0.156889,1,0.2,0.299583,1,0.2,0.543529,1,0.2
3,linear,train,2,1200,0.7,1,207.061,0.16,0.1625,1,0.2,0.297178,1,0.2,0.540323,1,0.2
3,linear,train,3,1600,0.86,1,206.01,0.1725,0.152547,1,0.2,0.305999,1,0.2,0.541454,1,0.2
3,linear,train,4,2000,0.81,1,207.109,0.1325,0.154317,1,0.2,0.307023,1,0.2,0.538661,1,0.2
3,linear,train,5,2400,0.9,1,212.867,0.165,0.156663,1,0.2,0.29889,1,0.2,0.544448,1,0.2
3,linear,train,6,2800,0.93,1,208.77,0.1475,0.154111,1,0.2,0.298905,1,0.2,0.546984,1,0.2
3,linear,train,7,3200,0.92,1,203.085,0.1625,0.151831,1,0.2,0.302647,1,0.2,0.545522,1,0.2
3,linear,train,8,3600,0.93,1,208.27,0.135,0.157063,1,0.2,0.302956,1,0.2,0.539981,1,0.2
3,linear,train,9,4000,0.96,1,205.27,0.185,0.154786,1,0.2,0.302587,1,0.2,0.542627,1,0.2
3,linear,train,10,4400,0.96,1,202.3,0.1525,0.15293,1,0.2,0.305615,1,0.2,0.541455,1,0.2
3,linear,train,11,4800,0.93,1,209.769,0.16,0.16134,1,0.2,0.296993,1,0.2,0.541667,1,0.2
3,linear,train,12,5200,0.98,1,207.075,0.135,0.151571,1,0.2,0.300935,1,0.2,0.547494,1,0.2
3,linear,train,13,5600,0.96,1,203.255,0.1675,0.156932,1,0.2,0.297439,1,0.2,0.545629,1,0.2
3,linear,train,14,6000,0.97,1,210.628,0.16,0.1622,1,0.2,0.298678,1,0.2,0.539122,1,0.2
4,er,train,0,400,0.06,0.510746,160.21,0.28,0.176384,0.504167,3.20793,0.273156,0.501625,3.39817,0.55046,0.518214,3.47351
4,er,train,1,800,0.16,0.503321,161.584,0.245,0.175746,0.499583,3.25418,0.272766,0.490875,3.41584,0.551488,0.511714,3.5205
4,er,train,2,1200,0.21,0.499142,159.363,0.2775,0.17779,0.492292,3.25866,0.277769,0.491875,3.39533,0.544441,0.505643,3.48158
4,er,train,3,1600,0.37,0.501119,161.042,0.285,0.183129,0.4975,3.34692,0.277755,0.4925,3.39369,0.539116,0.507286,3.50856
4,er,train,4,2000,0.5,0.501381,159.095,0.27,0.180798,0.49,3.2994,0.278777,0.489625,3.34226,0.540425,0.512,3.47576
4,er,train,5,2400,0.66,0.507537,161.686,0.2275,0.177376,0.513958,3.22372,0.283137,0.49675,3.40888,0.539487,0.5115,3.51995
4,er,train,6,2800,0.63,0.506455,160.013,0.3025,0.182533,0.494583,3.34253,0.289937,0.5035,3.37441,0.52753,0.512214,3.42648
4,er,train,7,3200,0.75,0.501679,160.494,0.285,0.180944,0.489167,3.33773,0.282744,0.490375,3.38784,0.536311,0.512429,3.49215
4,er,train,8,3600,0.8,0.499552,157.374,0.2625,0.185977,0.504167,3.36689,0.283137,0.482125,3.32034,0.530886,0.507929,3.44256
4,er,train,9,4000,0.8,0.505336,161.949,0.29,0.17604,0.496667,3.24262,0.298256,0.50625,3.48988,0.525704,0.507786,3.48657
4,er,train,10,4400,0.86,0.49959,157.985,0.29,0.176079,0.490417,3.31232,0.291916,0.498,3.32982,0.532005,0.503643,3.47383
4,er,train,11,4800,0.88,0.500187,159.51,0.3025,0.17238,0.489792,3.23622,0.295363,0.48625,3.42892,0.532258,0.511714,3.46719
4,er,train,12,5200,0.97,0.500149,158.149,0.2575,0.18041,0.508125,3.23074,0.28872,0.48975,3.32137,0.53087,0.503357,3.47481
4,er,train,13,5600,0.91,0.508955,162.568,0.265,0.177069,0.515833,3.31946,0.296254,0.502875,3.43205,0.526677,0.510071,3.50974
4,er,train,14,6000,0.92,0.503582,158.791,0.3325,0.174241,0.492708,3.2791,0.293144,0.49775,3.35663,0.532615,0.510643,3.47078
4,gate,train,0,400,0.07,0.50403,168.015,0.135,0.171714,0.47,0.2,0.273533,0.492,0.2,0.554754,0.522571,0.2
4,gate,train,1,800,0.14,0.498507,169.641,0.1425,0.170882,0.468333,0.2,0.269055,0.4775,0.2,0.560064,0.520857,0.2
4,gate,train,2,1200,0.24,0.499701,168.093,0.16,0.174335,0.475833,0.2,0.275958,0.4865,0.2,0.549707,0.515429,0.2
4,gate,train,3,1600,0.42,0.50403,170.184,0.15,0.182379,0.490833,0.2,0.271319,0.4865,0.2,0.546302,0.518571,0.2
4,gate,train,4,2000,0.5,0.502388,168.014,0.16,0.178899,0.490833,0.2,0.273854,0.4825,0.2,0.547247,0.517714,0.2
4,gate,train,5,2400,0.77,0.509552,171.179,0.1625,0.171614,0.484167,0.2,0.278911,0.501,0.2,0.549475,0.523143,0.2
4,gate,train,6,2800,0.65,0.494179,167.077,0.1875,0.182879,0.480833,0.2,0.282983,0.478,0.2,0.534138,0.508,0.2
4,gate,train,7,3200,0.77,0.506418,170.225,0.145,0.177425,0.4875,0.2,0.277339,0.4815,0.2,0.545237,0.527143,0.2
4,gate,train,8,3600,0.83,0.497164,165.625,0.145,0.183958,0.5,0.2,0.278709,0.4715,0.2,0.537333,0.510857,0.2
4,gate,train,9,4000,0.88,0.503433,170.234,0.165,0.17442,0.49,0.2,0.290868,0.5005,0.2,0.534713,0.509714,0.2
4,gate,train,10,4400,0.88,0.502537,167.249,0.1475,0.174414,0.488333,0.2,0.280357,0.481,0.2,0.545229,0.519714,0.2
4,gate,train,11,4800,0.94,0.504925,169.469,0.1725,0.168777,0.47,0.2,0.290275,0.493,0.2,0.540948,0.523714,0.2
4,gate,train,12,5200,0.97,0.490896,165.375,0.16,0.17262,0.47,0.2,0.280867,0.472,0.2,0.546513,0.508857,0.2
4,gate,train,13,5600,0.92,0.508209,171.895,0.1575,0.17013,0.4825,0.2,0.29404,0.5065,0.2,0.53583,0.518,0.2
4,gate,train,14,6000,0.96,0.498209,166.51,0.155,0.172425,0.475,0.2,0.287265,0.4845,0.2,0.540311,0.514,0.2
4,linear,train,0,400,0.11,1,212.083,0.14,0.178249,1,0.2,0.273816,1,0.2,0.547935,1,0.2
4,linear,train,1,800,0.22,1,213.714,0.1375,0.174847,1,0.2,0.273982,1,0.2,0.551172,1,0.2
4,linear,train,2,1200,0.39,1,212.237,0.1425,0.178,1,0.2,0.279165,1,0.2,0.542835,1,0.2
4,linear,train,3,1600,0.67,1,213.365,0.1475,0.184169,1,0.2,0.278022,1,0.2,0.537809,1,0.2
4,linear,train,4,2000,0.78,1,211.517,0.1575,0.179624,1,0.2,0.278956,1,0.2,0.541419,1,0.2
4,linear,train,5,2400,0.93,1,213.87,0.1575,0.176204,1,0.2,0.28156,1,0.2,0.542236,1,0.2
4,linear,train,6,2800,0.82,1,212.079,0.165,0.1849,1,0.2,0.284145,1,0.2,0.530955,1,0.2
4,linear,train,7,3200,0.88,1,212.719,0.1525,0.17918,1,0.2,0.282611,1,0.2,0.538209,1,0.2
4,linear,train,8,3600,0.94,1,209.402,0.1325,0.187176,1,0.2,0.283395,1,0.2,0.529429,1,0.2
4,linear,train,9,4000,0.93,1,213.81,0.1625,0.176234,1,0.2,0.291907,1,0.2,0.531859,1,0.2
4,linear,train,10,4400,0.96,1,210.828,0.1525,0.178144,1,0.2,0.286084,1,0.2,0.535772,1,0.2
4,linear,train,11,4800,0.96,1,212.444,0.1675,0.17565,1,0.2,0.291469,1,0.2,0.532881,1,0.2
4,linear,train,12,5200,1,1,209.742,0.1375,0.177713,1,0.2,0.285109,1,0.2,0.537178,1,0.2
4,linear,train,13,5600,0.96,1,215.139,0.1525,0.176816,1,0.2,0.29187,1,0.2,0.531314,1,0.2
4,linear,train,14,6000,0.99,1,210.927,0.1375,0.177351,1,0.2,0.290684,1,0.2,0.531965,1,0.2
5,er,train,0,400,0.29,0.500746,151.37,0.2425,0.175536,0.500417,3.33675,0.337661,0.507625,3.41983,0.486803,0.496929,3.17308
5,er,train,1,800,0.38,0.491306,146.552,0.2225,0.177472,0.496875,3.31435,0.338538,0.4935,3.36148,0.48399,0.488143,3.11642
5,er,train,2,1200,0.48,0.499403,150.624,0.215,0.179958,0.516667,3.41502,0.32834,0.50025,3.36576,0.491702,0.493,3.13881
5,er,train,3,1600,0.55,0.48944,145.254,0.2525,0.169883,0.493125,3.25372,0.341273,0.498,3.40576,0.488844,0.483286,3.08552
5,er,train,4,2000,0.61,0.492127,146.772,0.2525,0.17167,0.495625,3.33026,0.336792,0.501,3.38632,0.491537,0.485857,3.08761
5,er,train,5,2400,0.76,0.492948,147.531,0.2075,0.156682,0.473333,3.18612,0.350444,0.50875,3.50529,0.492875,0.490643,3.10145
5,er,train,6,2800,0.74,0.496716,144.695,0.26,0.166533,0.499583,3.2391,0.334794,0.501625,3.356,0.498673,0.492929,3.04969
5,er,train,7,3200,0.85,0.498284,151.327,0.235,0.169235,0.512083,3.39076,0.323334,0.4985,3.40222,0.507431,0.493429,3.18609
5,er,train,8,3600,0.83,0.491007,148.986,0.2175,0.163911,0.486875,3.34146,0.334137,0.496375,3.40893,0.501953,0.489357,3.15029
5,er,train,9,4000,0.87,0.491866,147.974,0.2325,0.170225,0.497708,3.37862,0.332582,0.5005,3.37618,0.497193,0.484929,3.09538
5,er,train,10,4400,0.85,0.495858,148.664,0.2425,0.164629,0.499792,3.31187,0.337917,0.49975,3.4116,0.497454,0.492286,3.12909
5,er,train,11,4800,0.9,0.495522,148.257,0.2425,0.168963,0.508333,3.36019,0.329085,0.502,3.35661,0.501952,0.487429,3.12739
5,er,train,12,5200,0.89,0.496343,145.276,0.255,0.166385,0.505208,3.27053,0.326312,0.50125,3.28854,0.507304,0.4905,3.09728
5,er,train,13,5600,0.94,0.492575,148.432,0.2625,0.174245,0.506667,3.39374,0.327844,0.495625,3.36844,0.497911,0.486,3.1136
5,er,train,14,6000,0.91,0.497164,148.49,0.255,0.168484,0.5025,3.32875,0.330896,0.502875,3.39602,0.50062,0.492071,3.10902
5,gate,train,0,400,0.3,0.496567,159.361,0.135,0.174573,0.49,0.2,0.342931,0.526,0.2,0.482496,0.482,0.2
5,gate,train,1,800,0.44,0.491642,154.893,0.155,0.181815,0.515,0.2,0.343423,0.515,0.2,0.474762,0.470286,0.2
5,gate,train,2,1200,0.52,0.500299,159.373,0.135,0.182462,0.528333,0.2,0.332656,0.5195,0.2,0.484881,0.479714,0.2
5,gate,train,3,1600,0.53,0.489254,153.395,0.15,0.171222,0.505833,0.2,0.345847,0.5195,0.2,0.482931,0.466286,0.2
5,gate,train,4,2000,0.72,0.485075,153.737,0.16,0.172958,0.51,0.2,0.342041,0.516,0.2,0.485002,0.458857,0.2
5,gate,train,5,2400,0.8,0.493433,156.022,0.11,0.156859,0.483333,0.2,0.360534,0.5395,0.2,0.482606,0.470571,0.2
5,gate,train,6,2800,0.77,0.479104,149.548,0.1625,0.164924,0.4875,0.2,0.344144,0.508,0.2,0.490932,0.459714,0.2
5,gate,train,7,3200,0.83,0.501343,160.158,0.16,0.172383,0.533333,0.2,0.325067,0.5165,0.2,0.50255,0.481714,0.2
5,gate,train,8,3600,0.89,0.494925,158.331,0.1375,0.166591,0.5125,0.2,0.340626,0.529,0.2,0.492784,0.469429,0.2
5,gate,train,9,4000,0.9,0.496716,157.225,0.135,0.172783,0.52,0.2,0.338156,0.5275,0.2,0.489061,0.471143,0.2
5,gate,train,10,4400,0.91,0.48806,155.984,0.1625,0.165177,0.500833,0.2,0.340235,0.511,0.2,0.494588,0.470571,0.2
5,gate,train,11,4800,0.92,0.49194,156.115,0.155,0.168717,0.510833,0.2,0.336808,0.521,0.2,0.494474,0.468857,0.2
5,gate,train,12,5200,0.93,0.486119,151.617,0.1575,0.166262,0.500833,0.2,0.331119,0.5055,0.2,0.50262,0.47,0.2
5,gate,train,13,5600,0.94,0.491493,156.521,0.1625,0.175552,0.52,0.2,0.331806,0.516,0.2,0.492642,0.467714,0.2
5,gate,train,14,6000,0.92,0.489254,155.367,0.1275,0.170821,0.514167,0.2,0.339677,0.522,0.2,0.489502,0.462,0.2
5,linear,train,0,400,0.28,1,202.17,0.1125,0.17375,1,0.2,0.333162,1,0.2,0.493088,1,0.2
5,linear,train,1,800,0.44,1,197.417,0.125,0.176343,1,0.2,0.33146,1,0.2,0.492198,1,0.2
5,linear,train,2,1200,0.63,1,199.863,0.14,0.173633,1,0.2,0.325517,1,0.2,0.50085,1,0.2
5,linear,train,3,1600,0.66,1,196.244,0.125,0.164986,1,0.2,0.336354,1,0.2,0.498659,1,0.2
5,linear,train,4,2000,0.77,1,196.576,0.1375,0.168196,1,0.2,0.329834,1,0.2,0.50197,1,0.2
5,linear,train,5,2400,0.88,1,198.302,0.095,0.154845,1,0.2,0.344905,1,0.2,0.500251,1,0.2
5,linear,train,6,2800,0.9,1,193.187,0.155,0.161042,1,0.2,0.334707,1,0.2,0.504251,1,0.2
5,linear,train,7,3200,0.93,1,201.583,0.1425,0.164449,1,0.2,0.321886,1,0.2,0.513665,1,0.2
5,linear,train,8,3600,0.97,1,200.005,0.125,0.1626,1,0.2,0.328515,1,0.2,0.508885,1,0.2
5,linear,train,9,4000,0.95,1,199.056,0.125,0.166336,1,0.2,0.327842,1,0.2,0.505822,1,0.2
5,linear,train,10,4400,0.95,1,198.902,0.1675,0.16156,1,0.2,0.330397,1,0.2,0.508043,1,0.2
5,linear,train,11,4800,0.95,1,198.609,0.15,0.163394,1,0.2,0.326084,1,0.2,0.510522,1,0.2
5,linear,train,12,5200,0.98,1,194.901,0.1175,0.160867,1,0.2,0.323362,1,0.2,0.515772,1,0.2
5,linear,train,13,5600,0.97,1,198.866,0.145,0.166136,1,0.2,0.323387,1,0.2,0.510477,1,0.2
5,linear,train,14,6000,0.98,1,198.423,0.1175,0.162376,1,0.2,0.328992,1,0.2,0.508632,1,0.2
6,er,train,0,400,0.48,0.501269,150.206,0.255,0.190782,0.501667,3.52841,0.263528,0.503625,3.05207,0.54569,0.499786,3.27334
6,er,train,1,800,0.52,0.497873,150.696,0.28,0.18967,0.495208,3.47004,0.264006,0.49425,3.09799,0.546324,0.500857,3.31141
6,er,train,2,1200,0.51,0.496306,150.614,0.23,0.194598,0.501667,3.47402,0.264847,0.500625,3.09942,0.540556,0.492,3.29386
6,er,train,3,1600,0.73,0.493209,144.823,0.2975,0.181206,0.485833,3.28063,0.259088,0.497125,3.01466,0.559706,0.4935,3.25559
6,er,train,4,2000,0.76,0.494627,150.238,0.21,0.195582,0.500833,3.5582,0.261298,0.496875,3.06308,0.543121,0.491214,3.27935
6,er,train,5,2400,0.76,0.496567,151.804,0.3025,0.189158,0.498125,3.50907,0.267389,0.501125,3.14094,0.543453,0.493429,3.31043
6,er,train,6,2800,0.85,0.491866,151.519,0.24,0.197224,0.514375,3.67715,0.261458,0.4875,3.12167,0.541318,0.486643,3.26137
6,er,train,7,3200,0.92,0.494067,150.326,0.26,0.186189,0.509375,3.4495,0.2718,0.493125,3.17525,0.54201,0.489357,3.26675
6,er,train,8,3600,0.92,0.496716,151.642,0.26,0.193851,0.511458,3.58967,0.26278,0.504,3.13355,0.543369,0.4875,3.28764
6,er,train,9,4000,0.89,0.493097,150.028,0.2525,0.189961,0.498125,3.52807,0.267372,0.497,3.11241,0.542667,0.489143,3.28113
6,er,train,10,4400,0.93,0.496567,150.071,0.2575,0.187199,0.505833,3.49303,0.255949,0.495125,3.06725,0.556852,0.494214,3.29687
6,er,train,11,4800,0.95,0.493657,149.554,0.2525,0.186361,0.500833,3.48153,0.257364,0.49275,3.0546,0.556275,0.491714,3.2874
6,er,train,12,5200,0.96,0.495299,150.125,0.265,0.189992,0.506875,3.56995,0.264001,0.49975,3.10211,0.546007,0.488786,3.25382
6,er,train,13,5600,0.97,0.491754,148.342,0.24,0.197931,0.51,3.59471,0.25503,0.493625,3.02574,0.54704,0.484429,3.25617
6,er,train,14,6000,0.97,0.497799,149.679,0.2825,0.186648,0.498542,3.52191,0.25828,0.504,3.05228,0.555072,0.494,3.27949
6,gate,train,0,400,0.46,0.49,157.004,0.1425,0.199484,0.540833,0.2,0.25096,0.4515,0.2,0.549556,0.494571,0.2
6,gate,train,1,800,0.52,0.503731,160.759,0.14,0.196254,0.541667,0.2,0.256143,0.4755,0.2,0.547603,0.506857,0.2
6,gate,train,2,1200,0.55,0.494478,158.851,0.1475,0.198337,0.530833,0.2,0.260252,0.473,0.2,0.541411,0.494286,0.2
6,gate,train,3,1600,0.74,0.487015,152.325,0.135,0.18377,0.508333,0.2,0.251392,0.462,0.2,0.564838,0.494,0.2
6,gate,train,4,2000,0.77,0.494478,158.945,0.1475,0.199476,0.535,0.2,0.256946,0.4715,0.2,0.543578,0.493714,0.2
6,gate,train,5,2400,0.78,0.501791,161.508,0.175,0.192432,0.538333,0.2,0.264681,0.4935,0.2,0.542887,0.494,0.2
6,gate,train,6,2800,0.85,0.501642,162.105,0.14,0.206288,0.584167,0.2,0.260735,0.4855,0.2,0.532976,0.482571,0.2
6,gate,train,7,3200,0.95,0.496418,159.367,0.165,0.189786,0.535833,0.2,0.273787,0.4905,0.2,0.536427,0.486286,0.2
6,gate,train,8,3600,0.96,0.499552,160.35,0.145,0.204865,0.561667,0.2,0.264519,0.499,0.2,0.530616,0.478571,0.2
6,gate,train,9,4000,0.92,0.493134,158.185,0.17,0.196144,0.545833,0.2,0.263057,0.4755,0.2,0.540799,0.485143,0.2
6,gate,train,10,4400,0.95,0.49597,158.709,0.1725,0.194537,0.5475,0.2,0.250274,0.4725,0.2,0.555189,0.491714,0.2
6,gate,train,11,4800,0.96,0.493433,158.126,0.145,0.194358,0.546667,0.2,0.249776,0.455,0.2,0.555867,0.497143,0.2
6,gate,train,12,5200,0.96,0.498657,159.559,0.16,0.198808,0.551667,0.2,0.260453,0.4835,0.2,0.540739,0.489143,0.2
6,gate,train,13,5600,0.98,0.492836,157.058,0.1575,0.205911,0.5675,0.2,0.251773,0.469,0.2,0.542315,0.480857,0.2
6,gate,train,14,6000,0.99,0.497015,158.24,0.1825,0.190568,0.54,0.2,0.256592,0.4795,0.2,0.552841,0.492286,0.2
6,linear,train,0,400,0.45,1,199.324,0.145,0.190897,1,0.2,0.267133,1,0.2,0.54197,1,0.2
6,linear,train,1,800,0.57,1,201.315,0.1425,0.185606,1,0.2,0.265988,1,0.2,0.548406,1,0.2
6,linear,train,2,1200,0.59,1,200.991,0.145,0.187552,1,0.2,0.269111,1,0.2,0.543337,1,0.2
6,linear,train,3,1600,0.84,1,195.047,0.1425,0.177044,1,0.2,0.262548,1,0.2,0.560408,1,0.2
6,linear,train,4,2000,0.79,1,201.048,0.145,0.190738,1,0.2,0.262621,1,0.2,0.546641,1,0.2
6,linear,train,5,2400,0.87,1,203.331,0.155,0.18312,1,0.2,0.269064,1,0.2,0.547816,1,0.2
6,linear,train,6,2800,0.97,1,203.229,0.12,0.188826,1,0.2,0.266694,1,0.2,0.544479,1,0.2
6,linear,train,7,3200,0.96,1,201.999,0.14,0.181356,1,0.2,0.274576,1,0.2,0.544068,1,0.2
6,linear,train,8,3600,0.99,1,202.12,0.145,0.190602,1,0.2,0.265807,1,0.2,0.543592,1,0.2
6,linear,train,9,4000,0.97,1,200.748,0.17,0.183398,1,0.2,0.266068,1,0.2,0.550535,1,0.2
6,linear,train,10,4400,0.99,1,200.293,0.1325,0.184869,1,0.2,0.256773,1,0.2,0.558359,1,0.2
6,linear,train,11,4800,0.97,1,199.986,0.1425,0.182634,1,0.2,0.261061,1,0.2,0.556305,1,0.2
6,linear,train,12,5200,0.99,1,200.638,0.1625,0.18773,1,0.2,0.265312,1,0.2,0.546958,1,0.2
6,linear,train,13,5600,0.98,1,198.97,0.1425,0.191792,1,0.2,0.258274,1,0.2,0.549934,1,0.2
6,linear,train,14,6000,0.99,1,200.496,0.15,0.180802,1,0.2,0.262533,1,0.2,0.556664,1,0.2
7,er,train,0,400,0.2,0.499179,154.442,0.2,0.143409,0.474583,2.94718,0.311692,0.51925,3.52204,0.544899,0.496143,3.30795
7,er,train,1,800,0.35,0.498843,156.89,0.2425,0.154043,0.487917,3.05316,0.317518,0.512375,3.6509,0.528439,0.494857,3.3329
7,er,train,2,1200,0.37,0.485,150.953,0.2425,0.162476,0.461875,3.0632,0.304736,0.49925,3.44015,0.532788,0.484786,3.27095
7,er,train,3,1600,0.51,0.486007,149.427,0.2175,0.163238,0.473542,3.01875,0.309205,0.492625,3.47369,0.527557,0.4865,3.22709
7,er,train,4,2000,0.59,0.492201,152.943,0.2525,0.16021,0.47375,2.98411,0.304944,0.499,3.47226,0.534846,0.494643,3.31242
7,er,train,5,2400,0.65,0.488918,151.742,0.2525,0.165782,0.469583,3.05877,0.306242,0.497625,3.48141,0.527975,0.490571,3.27318
7,er,train,6,2800,0.76,0.498619,154.64,0.2175,0.162918,0.485417,2.98997,0.304184,0.51125,3.51519,0.532898,0.495929,3.33182
7,er,train,7,3200,0.78,0.491045,152.555,0.245,0.164486,0.470833,2.98513,0.306372,0.50025,3.50593,0.529141,0.492714,3.30205
7,er,train,8,3600,0.83,0.491381,152.208,0.2075,0.166629,0.484167,2.9967,0.309298,0.499875,3.51501,0.524073,0.489,3.25897
7,er,train,9,4000,0.88,0.497201,153.71,0.285,0.169875,0.493125,3.02191,0.308171,0.498,3.52861,0.521954,0.498143,3.29104
7,er,train,10,4400,0.91,0.488134,152.282,0.2475,0.169047,0.478958,3.00061,0.305362,0.4905,3.51915,0.525592,0.489929,3.29774
7,er,train,11,4800,0.86,0.490746,153.316,0.2325,0.16832,0.465,3.02897,0.300545,0.497625,3.48874,0.531135,0.495643,3.32722
7,er,train,12,5200,0.93,0.49903,155.031,0.245,0.166673,0.489792,3.02124,0.299381,0.502,3.48899,0.533946,0.5005,3.32256
7,er,train,13,5600,0.91,0.495784,152.696,0.215,0.171431,0.483542,3.00905,0.303939,0.500625,3.53041,0.52463,0.497214,3.28158
7,er,train,14,6000,0.92,0.490821,154.61,0.24,0.167694,0.462083,3.03712,0.303933,0.505,3.53124,0.528373,0.492571,3.32994
7,gate,train,0,400,0.16,0.499254,163.81,0.1125,0.137043,0.440833,0.2,0.318918,0.547,0.2,0.544038,0.492,0.2
7,gate,train,1,800,0.29,0.50806,167.785,0.1475,0.145052,0.445,0.2,0.331694,0.565,0.2,0.523254,0.497143,0.2
7,gate,train,2,1200,0.44,0.483134,159.644,0.1625,0.15935,0.438333,0.2,0.308956,0.5075,0.2,0.531694,0.484571,0.2
7,gate,train,3,1600,0.57,0.477761,157.338,0.165,0.160746,0.435,0.2,0.318143,0.509,0.2,0.521111,0.474571,0.2
7,gate,train,4,2000,0.64,0.494627,162.481,0.155,0.155249,0.440833,0.2,0.31068,0.5145,0.2,0.534071,0.501714,0.2
7,gate,train,5,2400,0.71,0.488209,160.938,0.1575,0.160837,0.439167,0.2,0.317613,0.515,0.2,0.521551,0.489714,0.2
7,gate,train,6,2800,0.79,0.495373,163.342,0.145,0.156438,0.4375,0.2,0.316629,0.5305,0.2,0.526934,0.495143,0.2
7,gate,train,7,3200,0.81,0.490299,161.538,0.1625,0.155758,0.425,0.2,0.317502,0.5215,0.2,0.52674,0.494857,0.2
7,gate,train,8,3600,0.9,0.485821,160.798,0.14,0.158148,0.4325,0.2,0.326481,0.5295,0.2,0.515371,0.479143,0.2
7,gate,train,9,4000,0.86,0.496716,163.258,0.16,0.158351,0.434167,0.2,0.328372,0.5405,0.2,0.513277,0.493143,0.2
7,gate,train,10,4400,0.95,0.493284,162.303,0.1625,0.15506,0.42,0.2,0.319887,0.5255,0.2,0.525053,0.5,0.2
7,gate,train,11,4800,0.87,0.495075,163.079,0.17,0.160102,0.423333,0.2,0.313977,0.524,0.2,0.525921,0.503143,0.2
7,gate,train,12,5200,0.91,0.489552,163.003,0.1475,0.15795,0.4325,0.2,0.314608,0.519,0.2,0.527441,0.492286,0.2
7,gate,train,13,5600,0.92,0.49597,161.789,0.17,0.160042,0.430833,0.2,0.317788,0.522,0.2,0.52217,0.503429,0.2
7,gate,train,14,6000,0.96,0.501343,165.873,0.155,0.157607,0.435,0.2,0.320073,0.538,0.2,0.52232,0.503143,0.2
7,linear,train,0,400,0.14,1,205.005,0.1175,0.147886,1,0.2,0.306446,1,0.2,0.545668,1,0.2
7,linear,train,1,800,0.33,1,208.793,0.1525,0.157088,1,0.2,0.315434,1,0.2,0.527478,1,0.2
7,linear,train,2,1200,0.46,1,202.8,0.1575,0.166177,1,0.2,0.298827,1,0.2,0.534996,1,0.2
7,linear,train,3,1600,0.59,1,200.227,0.1625,0.168718,1,0.2,0.30386,1,0.2,0.527422,1,0.2
7,linear,train,4,2000,0.75,1,203.584,0.145,0.162818,1,0.2,0.29849,1,0.2,0.538692,1,0.2
7,linear,train,5,2400,0.81,1,202.704,0.1475,0.169891,1,0.2,0.304397,1,0.2,0.525712,1,0.2
7,linear,train,6,2800,0.89,1,205.668,0.145,0.168972,1,0.2,0.301747,1,0.2,0.529281,1,0.2
7,linear,train,7,3200,0.84,1,203.659,0.165,0.167865,1,0.2,0.300618,1,0.2,0.531517,1,0.2
7,linear,train,8,3600,0.94,1,203.52,0.1325,0.170075,1,0.2,0.305903,1,0.2,0.524022,1,0.2
7,linear,train,9,4000,0.91,1,204.957,0.1525,0.169403,1,0.2,0.305222,1,0.2,0.525374,1,0.2
7,linear,train,10,4400,0.98,1,204.418,0.17,0.166971,1,0.2,0.30343,1,0.2,0.529598,1,0.2
7,linear,train,11,4800,0.95,1,205.254,0.18,0.170025,1,0.2,0.298959,1,0.2,0.531016,1,0.2
7,linear,train,12,5200,0.98,1,206.015,0.145,0.169517,1,0.2,0.29665,1,0.2,0.533834,1,0.2
7,linear,train,13,5600,0.93,1,203.974,0.1625,0.171377,1,0.2,0.299091,1,0.2,0.529532,1,0.2
7,linear,train,14,6000,0.97,1,206.647,0.16,0.169153,1,0.2,0.302647,1,0.2,0.5282,1,0.2
8,er,train,0,400,0.29,0.493731,153.03,0.2425,0.181024,0.497292,3.55952,0.318602,0.504125,3.3097,0.500374,0.486571,3.25618
8,er,train,1,800,0.32,0.502164,152.422,0.27,0.183718,0.517292,3.54177,0.315743,0.50225,3.25107,0.500538,0.496929,3.23172
8,er,train,2,1200,0.42,0.494142,150.368,0.27,0.174082,0.50875,3.44529,0.320533,0.496875,3.27656,0.505385,0.487571,3.23972
8,er,train,3,1600,0.61,0.500448,152.088,0.2875,0.171352,0.505,3.50707,0.313354,0.497125,3.23088,0.515294,0.500786,3.2644
8,er,train,4,2000,0.76,0.49903,152.545,0.27,0.175229,0.51,3.55868,0.307942,0.498625,3.22818,0.516828,0.4955,3.28905
8,er,train,5,2400,0.74,0.495261,152.449,0.295,0.169722,0.501667,3.52511,0.319949,0.503375,3.31441,0.510328,0.488429,3.26191
8,er,train,6,2800,0.85,0.490373,146.294,0.275,0.169375,0.498333,3.38378,0.320117,0.491875,3.24146,0.510508,0.486786,3.14466
8,er,train,7,3200,0.91,0.497649,151.673,0.27,0.172185,0.507083,3.49846,0.30899,0.496,3.23428,0.518824,0.495357,3.25719
8,er,train,8,3600,0.91,0.503396,152.139,0.2825,0.169207,0.500208,3.48624,0.318326,0.524125,3.28607,0.512466,0.492643,3.23053
8,er,train,9,4000,0.93,0.489813,150.319,0.2575,0.172932,0.491042,3.47295,0.309876,0.495,3.26708,0.517192,0.486429,3.23471
8,er,train,10,4400,0.94,0.492724,151.984,0.25,0.166497,0.489583,3.43784,0.317983,0.493,3.32872,0.51552,0.493643,3.26289
8,er,train,11,4800,0.96,0.5,151.825,0.305,0.173525,0.519792,3.47895,0.310379,0.4995,3.27503,0.516096,0.4935,3.24377
8,er,train,12,5200,0.94,0.488918,143.724,0.26,0.166862,0.48875,3.36744,0.322896,0.499375,3.20399,0.510242,0.483,3.11916
8,er,train,13,5600,0.95,0.491119,146.07,0.3075,0.167056,0.495,3.36228,0.309714,0.491875,3.17629,0.52323,0.489357,3.18212
8,er,train,14,6000,0.96,0.502724,156.05,0.27,0.170707,0.515417,3.52153,0.309278,0.501875,3.33488,0.520015,0.498857,3.3307
8,gate,train,0,400,0.25,0.516119,164.979,0.1375,0.187318,0.554167,0.2,0.317245,0.526,0.2,0.495437,0.497429,0.2
8,gate,train,1,800,0.33,0.510448,162.132,0.17,0.189445,0.556667,0.2,0.314165,0.505,0.2,0.49639,0.497714,0.2
8,gate,train,2,1200,0.47,0.508209,160.674,0.165,0.176865,0.535833,0.2,0.31872,0.51,0.2,0.504416,0.497714,0.2
8,gate,train,3,1600,0.73,0.509851,162.004,0.155,0.17286,0.535833,0.2,0.309911,0.497,0.2,0.517229,0.508286,0.2
8,gate,train,4,2000,0.79,0.509104,162.427,0.1625,0.178952,0.5475,0.2,0.30566,0.5015,0.2,0.515388,0.500286,0.2
8,gate,train,5,2400,0.8,0.510896,162.807,0.1775,0.174582,0.5525,0.2,0.319875,0.5175,0.2,0.505543,0.492857,0.2
8,gate,train,6,2800,0.88,0.487015,153.699,0.16,0.171406,0.510833,0.2,0.320861,0.493,0.2,0.507733,0.475429,0.2
8,gate,train,7,3200,0.92,0.506567,161.207,0.15,0.174464,0.538333,0.2,0.308668,0.5045,0.2,0.516868,0.496857,0.2
8,gate,train,8,3600,0.93,0.511493,161.94,0.1525,0.170351,0.530833,0.2,0.314611,0.5215,0.2,0.515037,0.499143,0.2
8,gate,train,9,4000,0.91,0.501493,160.224,0.1525,0.177067,0.531667,0.2,0.305985,0.491,0.2,0.516948,0.497143,0.2
8,gate,train,10,4400,0.94,0.507313,162.249,0.1675,0.169014,0.529167,0.2,0.317566,0.508,0.2,0.51342,0.499429,0.2
8,gate,train,11,4800,0.96,0.504179,160.965,0.1625,0.172618,0.544167,0.2,0.314531,0.505,0.2,0.512851,0.49,0.2
8,gate,train,12,5200,0.96,0.486716,151.044,0.16,0.169465,0.514167,0.2,0.324519,0.499,0.2,0.506017,0.470286,0.2
8,gate,train,13,5600,0.94,0.49,153.603,0.1525,0.169252,0.515833,0.2,0.307725,0.4815,0.2,0.523023,0.486,0.2
8,gate,train,14,6000,0.97,0.52403,167.425,0.16,0.169996,0.5575,0.2,0.308346,0.5165,0.2,0.521658,0.516857,0.2
8,linear,train,0,400,0.3,1,205.217,0.13,0.179389,1,0.2,0.315807,1,0.2,0.504804,1,0.2
8,linear,train,1,800,0.4,1,203.059,0.17,0.17584,1,0.2,0.317687,1,0.2,0.506473,1,0.2
8,linear,train,2,1200,0.66,1,200.878,0.1475,0.170005,1,0.2,0.320708,1,0.2,0.509288,1,0.2
8,linear,train,3,1600,0.79,1,203.452,0.155,0.167488,1,0.2,0.316092,1,0.2,0.51642,1,0.2
8,linear,train,4,2000,0.88,1,203.465,0.155,0.170992,1,0.2,0.31332,1,0.2,0.515688,1,0.2
8,linear,train,5,2400,0.88,1,204.06,0.145,0.167499,1,0.2,0.321207,1,0.2,0.511294,1,0.2
8,linear,train,6,2800,0.95,1,196.075,0.1375,0.166338,1,0.2,0.324542,1,0.2,0.50912,1,0.2
8,linear,train,7,3200,0.96,1,201.934,0.1425,0.168313,1,0.2,0.31361,1,0.2,0.518077,1,0.2
8,linear,train,8,3600,0.95,1,202.432,0.1425,0.167053,1,0.2,0.318077,1,0.2,0.51487,1,0.2
8,linear,train,9,4000,0.98,1,201.873,0.13,0.170413,1,0.2,0.315887,1,0.2,0.513699,1,0.2
8,linear,train,10,4400,0.97,1,202.787,0.1525,0.165757,1,0.2,0.319881,1,0.2,0.514362,1,0.2
8,linear,train,11,4800,0.98,1,203.125,0.15,0.168207,1,0.2,0.316802,1,0.2,0.514991,1,0.2
8,linear,train,12,5200,0.98,1,193.317,0.145,0.168366,1,0.2,0.322942,1,0.2,0.508692,1,0.2
8,linear,train,13,5600,0.98,1,196.13,0.16,0.167929,1,0.2,0.313439,1,0.2,0.518632,1,0.2
8,linear,train,14,6000,0.98,1,207.456,0.14,0.166254,1,0.2,0.314706,1,0.2,0.51904,1,0.2
9,er,train,0,400,0.25,0.494925,147.658,0.27,0.146288,0.477292,2.88821,0.289495,0.504,3.26796,0.564217,0.495786,3.32253
9,er,train,1,800,0.45,0.494552,143.403,0.2525,0.145988,0.474167,2.77723,0.302121,0.501375,3.22305,0.551891,0.497643,3.23466
9,er,train,2,1200,0.4,0.494291,147.548,0.24,0.146217,0.477292,2.89973,0.296554,0.494375,3.27643,0.557229,0.500071,3.32043
9,er,train,3,1600,0.53,0.498321,148.163,0.225,0.141557,0.488333,2.80256,0.30665,0.503375,3.27614,0.551793,0.498857,3.34264
9,er,train,4,2000,0.65,0.48903,144.445,0.225,0.13972,0.467292,2.73797,0.311998,0.492875,3.23817,0.548281,0.494286,3.30552
9,er,train,5,2400,0.73,0.499216,148.353,0.2375,0.146498,0.49375,2.8631,0.327093,0.51125,3.38625,0.526409,0.494214,3.29376
9,er,train,6,2800,0.7,0.497761,147.557,0.185,0.14278,0.493958,2.84399,0.32369,0.49725,3.31139,0.533531,0.499357,3.3115
9,er,train,7,3200,0.87,0.492948,144.779,0.2125,0.141131,0.474792,2.76648,0.323378,0.492,3.26322,0.53549,0.499714,3.28681
9,er,train,8,3600,0.9,0.501455,147.449,0.2025,0.140591,0.474583,2.8108,0.323652,0.507375,3.24277,0.535757,0.507286,3.33021
9,er,train,9,4000,0.89,0.494552,147.133,0.2225,0.139721,0.472708,2.7978,0.339004,0.5065,3.33592,0.521274,0.495214,3.30717
9,er,train,10,4400,0.89,0.501716,148.419,0.225,0.135329,0.474792,2.75192,0.338832,0.5085,3.34567,0.525839,0.507071,3.33505
9,er,train,11,4800,0.92,0.497873,146.881,0.18,0.13553,0.473333,2.79109,0.339541,0.50425,3.33238,0.524929,0.502643,3.27968
9,er,train,12,5200,0.92,0.501418,150.387,0.2225,0.138578,0.488333,2.89694,0.334177,0.51125,3.32701,0.527245,0.500286,3.35701
9,er,train,13,5600,0.94,0.494478,147.451,0.185,0.137141,0.458958,2.81948,0.350214,0.514625,3.3897,0.512645,0.495143,3.27574
9,er,train,14,6000,0.96,0.495448,143.429,0.2225,0.132175,0.467917,2.72507,0.335211,0.50425,3.17264,0.532614,0.499857,3.26536
9,gate,train,0,400,0.22,0.506866,157.678,0.135,0.139251,0.449167,0.2,0.286462,0.515,0.2,0.574288,0.522,0.2
9,gate,train,1,800,0.46,0.488657,151.359,0.155,0.134599,0.408333,0.2,0.311637,0.5225,0.2,0.553765,0.496857,0.2
9,gate,train,2,1200,0.46,0.506716,158.22,0.145,0.133182,0.4225,0.2,0.301849,0.5185,0.2,0.564969,0.528857,0.2
9,gate,train,3,1600,0.57,0.501791,157.474,0.125,0.126745,0.418333,0.2,0.315264,0.518,0.2,0.557991,0.521143,0.2
9,gate,train,4,2000,0.68,0.491045,152.829,0.1375,0.12653,0.393333,0.2,0.320953,0.509,0.2,0.552517,0.514286,0.2
9,gate,train,5,2400,0.82,0.51,158.49,0.135,0.133538,0.435,0.2,0.339574,0.5465,0.2,0.526887,0.514857,0.2
9,gate,train,6,2800,0.75,0.504328,157.083,0.13,0.129339,0.435,0.2,0.33235,0.5195,0.2,0.538311,0.519429,0.2
9,gate,train,7,3200,0.92,0.5,154.336,0.145,0.12696,0.4175,0.2,0.333197,0.52,0.2,0.539843,0.516857,0.2
9,gate,train,8,3600,0.88,0.50403,156.779,0.13,0.130602,0.426667,0.2,0.333472,0.5225,0.2,0.535926,0.52,0.2
9,gate,train,9,4000,0.9,0.505075,157.462,0.13,0.125484,0.410833,0.2,0.34678,0.5285,0.2,0.527735,0.524,0.2
9,gate,train,10,4400,0.91,0.513284,159.361,0.1175,0.120425,0.411667,0.2,0.352322,0.548,0.2,0.527253,0.528286,0.2
9,gate,train,11,4800,0.93,0.504627,156.225,0.1075,0.123257,0.421667,0.2,0.353034,0.532,0.2,0.523709,0.517429,0.2
9,gate,train,12,5200,0.94,0.513284,161.085,0.1275,0.127781,0.453333,0.2,0.340342,0.522,0.2,0.531878,0.528857,0.2
9,gate,train,13,5600,0.95,0.501791,157.46,0.11,0.123743,0.413333,0.2,0.362315,0.5415,0.2,0.513942,0.509429,0.2
9,gate,train,14,6000,1,0.495672,152.07,0.1175,0.117159,0.405833,0.2,0.34106,0.508,0.2,0.541781,0.519429,0.2
9,linear,train,0,400,0.21,1,197.603,0.1425,0.149165,1,0.2,0.290334,1,0.2,0.560501,1,0.2
9,linear,train,1,800,0.48,1,193.422,0.1375,0.146225,1,0.2,0.307296,1,0.2,0.546478,1,0.2
9,linear,train,2,1200,0.53,1,198.408,0.135,0.148065,1,0.2,0.307426,1,0.2,0.544509,1,0.2
9,linear,train,3,1600,0.73,1,198.182,0.125,0.142116,1,0.2,0.31859,1,0.2,0.539294,1,0.2
9,linear,train,4,2000,0.78,1,193.602,0.135,0.140291,1,0.2,0.322403,1,0.2,0.537306,1,0.2
9,linear,train,5,2400,0.89,1,199.131,0.1,0.14303,1,0.2,0.33611,1,0.2,0.52086,1,0.2
9,linear,train,6,2800,0.84,1,197.953,0.1125,0.141363,1,0.2,0.330827,1,0.2,0.52781,1,0.2
9,linear,train,7,3200,0.99,1,195.348,0.1225,0.138651,1,0.2,0.332936,1,0.2,0.528413,1,0.2
9,linear,train,8,3600,0.96,1,197.492,0.125,0.139645,1,0.2,0.332884,1,0.2,0.527471,1,0.2
9,linear,train,9,4000,0.97,1,197.726,0.1125,0.138569,1,0.2,0.341574,1,0.2,0.519857,1,0.2
9,linear,train,10,4400,0.97,1,199.558,0.095,0.134197,1,0.2,0.342207,1,0.2,0.523597,1,0.2
9,linear,train,11,4800,0.99,1,197.279,0.0975,0.134841,1,0.2,0.344342,1,0.2,0.520817,1,0.2
9,linear,train,12,5200,0.95,1,200.801,0.1075,0.13905,1,0.2,0.334838,1,0.2,0.526113,1,0.2
9,linear,train,13,5600,0.99,1,198.219,0.0925,0.136208,1,0.2,0.351671,1,0.2,0.512121,1,0.2
9,linear,train,14,6000,0.99,1,192.98,0.1025,0.132634,1,0.2,0.337265,1,0.2,0.530101,1,0.2
