task,model,depth,width,lr,seeds,success_fraction,neurons,parameters,test_mse,test_nmse,spikes_per_sample,active_neurons_mean,active_fraction,event_synops_per_sample,dense_synops_per_sample,inference_us,training_samples
l0,er,1,4,0.01,5,0.0,5,17,0.007984025738,0.01213195903,37.658,2.215176471,0.5537941176,173.658,204,1.440739,20000
l0,er,1,8,0.01,5,0.0,9,33,0.006419222041,0.009754194361,64.976,3.822117647,0.4777647059,336.976,408,2.316038,20000
l0,er,1,16,0.01,5,0.0,17,65,0.01048850504,0.01593758809,116.12,6.830588235,0.4269117647,660.12,816,4.503844,20000
l0,er,1,32,0.003,5,0.0,33,129,0.01650588954,0.02508117863,178.868,10.52164706,0.3288014706,1266.868,1632,7.811479,20000
l0,er,1,64,0.003,5,0.0,65,257,0.0148818606,0.02261341948,333.03,19.59,0.30609375,2509.03,3264,18.63506,20000
l0,er,1,128,0.003,5,0.0,129,513,0.01569073351,0.02384252536,606.78,35.69294118,0.2788511029,4958.78,6528,33.897134,20000
l0,er,2,4,0.003,5,0.0,9,37,0.03469508967,0.05272019659,82.907,4.605944444,0.5757430556,348.275,504,3.385557,20000
l0,er,2,8,0.001,5,0.0,17,105,0.07100345216,0.1078918081,141.152,7.841777778,0.4901111111,861.948,1584,4.679572,20000
l0,er,2,16,0.001,5,0.0,33,337,0.3140285212,0.4771754601,261.301,14.51672222,0.4536475694,2556.301,5472,8.27646,20000
l0,er,2,32,0.001,5,0.0,65,1185,3.452166287,5.245666954,531.663,29.53683333,0.4615130208,9234.058,20160,18.770199,20000
l0,er,2,64,0.001,5,0.0,129,4417,17.76991808,27.00190671,930.573,51.6985,0.4038945313,31807.955,77184,41.316678,20000
l0,er,2,128,0.001,5,0.0,257,17025,57.37575289,87.18412319,1766.205,98.1225,0.3832910156,110392.666,301824,74.577478,20000
l0,er,3,4,0.003,5,0.0,13,57,0.06499191586,0.09875710406,134.753,7.092263158,0.5910219298,561.793,836,4.274503,20000
l0,er,3,8,0.001,5,0.0,25,177,0.09683824096,0.1471485201,238.137,12.53352632,0.5222302632,1653.891,2888,7.864508,20000
l0,er,3,16,0.001,5,0.0,49,609,0.3243470032,0.4928546932,457.896,24.09978947,0.5020789474,5841.866,10640,12.092527,20000
l0,er,3,32,0.001,5,0.0,97,2241,19.23569649,29.22919958,864.042,45.47589474,0.4737072368,21434.303,40736,30.344702,20000
l0,er,3,64,0.001,5,0.0,193,8577,74.03331279,112.4957693,2257.62,118.8221053,0.6188651316,99449.495,159296,64.571272,20000
l0,er,3,128,0.001,5,0.0,385,33537,83.92426524,127.5253589,4914.764,258.6717895,0.6736244518,407939.171,629888,135.326281,20000
l0,er,4,4,0.003,5,0.0,17,77,0.07567437967,0.1149894181,194.667,9.73335,0.608334375,799.768,1200,6.518086,20000
l0,er,4,8,0.001,5,0.0,33,249,0.1282483485,0.194877091,349.243,17.46215,0.5456921875,2522.412,4320,9.116166,20000
l0,er,4,16,0.001,5,0.0,65,881,0.2469545665,0.3752546375,660.939,33.04695,0.5163585938,9076.704,16320,20.836918,20000
l0,er,4,32,0.001,5,0.0,129,3297,55.08772084,83.70739203,1443.802,72.1901,0.5639851563,37301.948,63360,32.540363,20000
l0,er,4,64,0.001,5,0.0,257,12737,74.07965877,112.5661934,3213.312,160.6656,0.6276,160000.648,249600,90.030684,20000
l0,er,4,128,0.001,5,0.0,513,50049,84.55891258,128.489724,7075.095,353.75475,0.6909272461,695227.13,990720,221.33513,20000
l1,er,1,4,0.01,5,0.0,5,17,0.09040537802,0.8171245453,21.923,1.289588235,0.3223970588,157.923,204,1.504927,20000
l1,er,1,8,0.01,5,0.0,9,33,0.07586644006,0.6857150724,41.479,2.439941176,0.3049926471,313.479,408,2.528552,20000
l1,er,1,16,0.003,5,0.0,17,65,0.06629399096,0.5991949639,73.95,4.35,0.271875,617.95,816,5.3171,20000
l1,er,1,32,0.003,5,0.0,33,129,0.04919662452,0.4446612615,150.1,8.829411765,0.2759191176,1238.1,1632,9.43978,20000
l1,er,1,64,0.003,5,0.0,65,257,0.03811884275,0.344535278,296.941,17.46711765,0.2729237132,2472.941,3264,17.428155,20000
l1,er,1,128,0.003,5,0.0,129,513,0.03245790599,0.2933691806,582.414,34.25964706,0.2676534926,4934.414,6528,33.461907,20000
l1,er,2,4,0.003,5,0.0,9,37,0.09964696122,0.9006541387,41.396,2.299777778,0.2874722222,247.967,504,3.41665,20000
l1,er,2,8,0.003,5,0.0,17,105,0.09426569087,0.8520157923,74.09,4.116111111,0.2572569444,657.161,1584,4.743961,20000
l1,er,2,16,0.003,5,0.0,33,337,0.07567877329,0.6840188555,158.875,8.826388889,0.2758246528,1930.997,5472,10.683029,20000
l1,er,2,32,0.001,5,0.0,65,1185,0.06697906826,0.6053870012,260.338,14.46322222,0.2259878472,6205.279,20160,15.445258,20000
l1,er,2,64,0.001,5,0.0,129,4417,0.06084706673,0.5499632081,534.302,29.68344444,0.2319019097,22352.552,77184,39.343017,20000
l1,er,2,128,0.001,5,0.0,257,17025,0.0555921057,0.5024665024,1120.418,62.24544444,0.2431462674,83263.442,301824,91.167973,20000
l1,er,3,4,0.003,5,0.0,13,57,0.1012253174,0.9149200332,71.765,3.777105263,0.3147587719,362.593,836,5.26412,20000
l1,er,3,8,0.001,5,0.0,25,177,0.1000833115,0.9045980687,91.316,4.806105263,0.200254386,880.268,2888,8.333753,20000
l1,er,3,16,0.001,5,0.0,49,609,0.09395567152,0.8492136977,191.058,10.05568421,0.2094934211,2936.393,10640,14.903556,20000
l1,er,3,32,0.001,5,0.0,97,2241,0.0838310756,0.7577030375,419.3,22.06842105,0.229879386,10629.07,40736,29.856687,20000
l1,er,3,64,0.001,5,0.0,193,8577,56.84171117,513.7609997,1178.166,62.00873684,0.3229621711,50384.957,159296,65.904529,20000
l1,er,3,128,0.001,5,0.0,385,33537,68.90820352,622.823395,2961.963,155.8927895,0.4059708059,226770.534,629888,148.236665,20000
l1,er,4,4,0.003,5,0.0,17,77,0.1123206664,1.015204798,102.507,5.12535,0.320334375,490.75,1200,5.454749,20000
l1,er,4,8,0.001,5,0.0,33,249,0.1099432907,0.9937170045,115.731,5.78655,0.1808296875,1099.242,4320,11.418163,20000
l1,er,4,16,0.001,5,0.0,65,881,0.1000496407,0.9042937371,268.28,13.414,0.20959375,4129.23,16320,16.927254,20000
l1,er,4,32,0.001,5,0.0,129,3297,0.5264831461,4.75859192,590.407,29.52035,0.2306277344,16368.952,63360,38.137539,20000
l1,er,4,64,0.001,5,0.0,257,12737,56.19061116,507.8760644,2142.533,107.12665,0.4184634766,99120.318,249600,78.7526,20000
l1,er,4,128,0.001,5,0.0,513,50049,71.94720466,650.2912567,4700.553,235.02765,0.4590383789,421410.662,990720,195.680536,20000
l2,er,1,4,0.003,5,0.0,5,17,0.07776586135,0.791900797,18.957,1.115117647,0.2787794118,154.957,204,1.863656,20000
l2,er,1,8,0.01,5,0.0,9,33,0.06890550704,0.7016745522,41.863,2.462529412,0.3078161765,313.863,408,2.366429,20000
l2,er,1,16,0.01,5,0.0,17,65,0.05087739369,0.5180917167,80.523,4.736647059,0.2960404412,624.523,816,5.358417,20000
l2,er,1,32,0.01,5,0.0,33,129,0.04100820314,0.4175923494,158.792,9.340705882,0.2918970588,1246.792,1632,8.47949,20000
l2,er,1,64,0.003,5,0.0,65,257,0.03124392272,0.3181612969,297.893,17.52311765,0.2737987132,2473.893,3264,14.669653,20000
l2,er,1,128,0.003,5,0.0,129,513,0.02449308033,0.2494165112,581.299,34.19405882,0.2671410846,4933.299,6528,34.931941,20000
l2,er,2,4,0.003,5,0.0,9,37,0.08704536697,0.8863953189,40.999,2.277722222,0.2847152778,247.693,504,3.529108,20000
l2,er,2,8,0.003,5,0.0,17,105,0.08087714347,0.8235834241,74.603,4.144611111,0.2590381944,657.968,1584,5.565706,20000
l2,er,2,16,0.003,5,0.0,33,337,0.06792701979,0.6917104777,158.746,8.819222222,0.2756006944,1926.046,5472,11.346963,20000
l2,er,2,32,0.001,5,0.0,65,1185,0.06241291355,0.6355595517,258.803,14.37794444,0.2246553819,6208.456,20160,15.390944,20000
l2,er,2,64,0.001,5,0.0,129,4417,0.05480907122,0.5581285467,528.424,29.35688889,0.2293506944,22315.552,77184,38.61665,20000
l2,er,2,128,0.001,5,0.0,257,17025,0.04521317577,0.4604121822,1103.854,61.32522222,0.2395516493,82981.448,301824,87.080349,20000
l2,er,3,4,0.003,5,0.0,13,57,0.09139471808,0.9306853782,72.41,3.811052632,0.3175877193,364.12,836,5.219908,20000
l2,er,3,8,0.003,5,0.0,25,177,0.09700085054,0.9877734203,125.635,6.612368421,0.2755153509,1001.493,2888,7.552131,20000
l2,er,3,16,0.001,5,0.0,49,609,0.0827949351,0.8431125683,188.011,9.895315789,0.2061524123,2907.921,10640,15.632907,20000
l2,er,3,32,0.001,5,0.0,97,2241,0.07399329497,0.7534842183,411.304,21.64757895,0.225495614,10607.327,40736,29.607941,20000
l2,er,3,64,0.001,5,0.0,193,8577,56.65887625,576.9653737,1421.012,74.79010526,0.3895317982,59585.017,159296,62.759859,20000
l2,er,3,128,0.001,5,0.0,385,33537,66.07922264,672.8940972,2746.436,144.5492632,0.3764303728,218034.865,629888,149.215905,20000
l2,er,4,4,0.003,5,0.0,17,77,0.09217351311,0.9386159584,100.826,5.0413,0.31508125,486.093,1200,7.054344,20000
l2,er,4,8,0.001,5,0.0,33,249,0.09230590744,0.9399641487,113.531,5.67655,0.1773921875,1093.979,4320,11.480747,20000
l2,er,4,16,0.001,5,0.0,65,881,0.08795284255,0.8956362714,261.173,13.05865,0.2040414063,4059.813,16320,20.899991,20000
l2,er,4,32,0.001,5,0.0,129,3297,0.4697891038,4.783929082,592.832,29.6416,0.231575,16029.137,63360,36.547315,20000
l2,er,4,64,0.001,5,0.0,257,12737,54.82920496,558.3335715,1850.4,92.52,0.36140625,85354.753,249600,76.203416,20000
l2,er,4,128,0.001,5,0.0,513,50049,70.81650607,721.1345264,4881.661,244.08305,0.476724707,425839.539,990720,184.832967,20000
l3,er,1,4,0.01,5,0.0,5,21,0.1225697557,0.9083386353,22.552,1.326588235,0.3316470588,226.552,272,1.944789,20000
l3,er,1,8,0.01,5,0.0,9,41,0.1082178194,0.8019794597,42.553,2.503117647,0.3128897059,450.553,544,3.105098,20000
l3,er,1,16,0.01,5,0.0,17,81,0.09602071119,0.7115892603,88.372,5.198352941,0.3248970588,904.372,1088,5.414459,20000
l3,er,1,32,0.003,5,0.0,33,161,0.08681355574,0.6433569711,158.366,9.315647059,0.2911139706,1790.366,2176,8.600556,20000
l3,er,1,64,0.003,5,0.0,65,321,0.07078727404,0.524589574,308.48,18.14588235,0.2835294118,3572.48,4352,22.113166,20000
l3,er,1,128,0.003,5,0.0,129,641,0.06829315379,0.5061061743,606.092,35.65247059,0.2785349265,7134.092,8704,34.616423,20000
l3,er,2,4,0.003,5,0.0,9,41,0.1336328742,0.9903250762,41.643,2.3135,0.2891875,323.673,576,2.917727,20000
l3,er,2,8,0.003,5,0.0,17,113,0.1271503111,0.9422841663,86.333,4.796277778,0.2997673611,811.036,1728,6.368248,20000
l3,er,2,16,0.003,5,0.0,33,353,0.1337947551,0.9915247409,180.146,10.00811111,0.3127534722,2283.088,5760,11.295797,20000
l3,er,2,32,0.001,5,0.0,65,1217,0.1331074011,0.9864309054,310.746,17.26366667,0.2697447917,7013.595,20736,20.453144,20000
l3,er,2,64,0.001,5,0.0,129,4481,0.1319871415,0.9781288974,688.379,38.24327778,0.2987756076,24316.105,78336,36.475073,20000
l3,er,2,128,0.001,5,0.0,257,17153,0.7560367419,5.602829007,1447.351,80.40838889,0.3140952691,88849.221,304128,92.777643,20000
l3,er,3,4,0.001,5,0.0,13,61,0.1336071633,0.9901345383,58.81,3.095263158,0.2579385965,411.97,912,5.427714,20000
l3,er,3,8,0.001,5,0.0,25,185,0.1332714958,0.987646977,122.218,6.432526316,0.2680219298,1159.861,3040,9.317806,20000
l3,er,3,16,0.001,5,0.0,49,625,0.1383875187,1.025560745,243.813,12.83226316,0.2673388158,3603.27,10944,17.062058,20000
l3,er,3,32,0.001,5,0.0,97,2273,0.3170875292,2.349868872,562.705,29.61605263,0.3085005482,13556.563,41344,24.428987,20000
l3,er,3,64,0.001,5,0.0,193,8641,65.16187237,482.9009074,1564.003,82.31594737,0.4287288925,66636.64,160512,65.068881,20000
l3,er,3,128,0.001,5,0.0,385,33665,85.69373188,635.0581924,6456.307,339.8056316,0.8849104989,575503.532,632320,149.132452,20000
l3,er,4,4,0.001,5,0.0,17,81,0.1345196043,0.9968964458,85.936,4.2968,0.26855,526.615,1280,7.635044,20000
l3,er,4,8,0.001,5,0.0,33,257,0.1353004841,1.002683382,159.034,7.9517,0.248490625,1510.751,4480,12.205629,20000
l3,er,4,16,0.001,5,0.0,65,897,0.1508339801,1.117798848,354.131,17.70655,0.2766648438,5313.821,16640,21.238538,20000
l3,er,4,32,0.001,5,0.0,129,3329,0.2558528186,1.896071334,733.295,36.66475,0.2864433594,20243.997,64000,35.276531,20000
l3,er,4,64,0.001,5,0.0,257,12801,83.39764252,618.0423579,3163.152,158.1576,0.617803125,156718.746,250880,95.632028,20000
l3,er,4,128,0.03,5,0.0,513,50177,85.70654958,635.1531817,10017.295,500.86475,0.9782514648,967179.775,993280,201.273911,20000
l4 K=1,er,1,4,0.01,5,0.0,5,17,0.2675905423,0.6920647274,22.74,1.337647059,0.3344117647,158.74,204,1.635271,20000
l4 K=1,er,1,8,0.01,5,0.0,9,33,0.2096466979,0.5422055786,47.337,2.784529412,0.3480661765,319.337,408,3.222681,20000
l4 K=1,er,1,16,0.003,5,0.0,17,65,0.194775072,0.5037433533,78.467,4.615705882,0.2884816176,622.467,816,5.409801,20000
l4 K=1,er,1,32,0.003,5,0.0,33,129,0.1538551896,0.3979129792,157.538,9.266941176,0.2895919118,1245.538,1632,9.93211,20000
l4 K=1,er,1,64,0.003,5,0.0,65,257,0.116715257,0.3018586226,312.297,18.37041176,0.2870376838,2488.297,3264,18.938036,20000
l4 K=1,er,1,128,0.003,5,0.0,129,513,0.09132950822,0.2362039057,633.28,37.25176471,0.2910294118,4985.28,6528,35.839583,20000
l4 K=1,er,2,4,0.003,5,0.0,9,37,0.3176321848,0.8214865502,67.637,3.757611111,0.4697013889,313.414,504,2.840091,20000
l4 K=1,er,2,8,0.001,5,0.0,17,105,0.3048431561,0.7884105093,93.874,5.215222222,0.3259513889,696.124,1584,4.951528,20000
l4 K=1,er,2,16,0.001,5,0.0,33,337,0.3044709012,0.787447753,188.309,10.46161111,0.3269253472,2040.512,5472,10.522912,20000
l4 K=1,er,2,32,0.001,5,0.0,65,1185,0.4051338027,1.04779045,400.125,22.22916667,0.3473307292,6974.151,20160,21.685316,20000
l4 K=1,er,2,64,0.001,5,0.0,129,4417,6.875104066,17.78096109,868.066,48.22588889,0.3767647569,24946.945,77184,43.80718,20000
l4 K=1,er,2,128,0.001,5,0.0,257,17025,35.35166954,91.42940305,1692.611,94.03394444,0.3673200955,103269.81,301824,93.819642,20000
l4 K=1,er,3,4,0.003,5,0.0,13,57,0.3261765338,0.8435846501,116.492,6.131157895,0.5109298246,514.012,836,4.285115,20000
l4 K=1,er,3,8,0.001,5,0.0,25,177,0.3887695409,1.005467847,166.976,8.788210526,0.3661754386,1229.426,2888,7.508617,20000
l4 K=1,er,3,16,0.001,5,0.0,49,609,0.7346867375,1.900107427,353.315,18.59552632,0.3874067982,4477.135,10640,12.996369,20000
l4 K=1,er,3,32,0.001,5,0.0,97,2241,33.47045298,86.56404565,715.906,37.67926316,0.3924923246,16896.742,40736,31.683757,20000
l4 K=1,er,3,64,0.001,5,0.0,193,8577,68.23893985,176.4851736,1688.54,88.87052632,0.4628673246,71817.631,159296,70.792179,20000
l4 K=1,er,3,128,0.001,5,0.0,385,33537,84.68385547,219.0163705,4347.834,228.8333684,0.5959202303,355369.361,629888,137.844477,20000
l4 K=1,er,4,4,0.001,5,0.0,17,77,0.3718943128,0.9618237402,135.703,6.78515,0.424071875,605,1200,7.315466,20000
l4 K=1,er,4,8,0.001,5,0.0,33,249,0.3749016066,0.9696014514,255.189,12.75945,0.3987328125,1930.508,4320,10.631369,20000
l4 K=1,er,4,16,0.001,5,0.0,65,881,0.5110418603,1.321698602,514.013,25.70065,0.4015726562,7269.958,16320,20.947662,20000
l4 K=1,er,4,32,0.001,5,0.0,129,3297,40.5992215,105.0010547,1170.132,58.5066,0.4570828125,29515.984,63360,40.177775,20000
l4 K=1,er,4,64,0.001,5,0.0,257,12737,76.40087323,197.5942388,2955.08,147.754,0.5771640625,135473.433,249600,95.452383,20000
l4 K=1,er,4,128,0.001,5,0.0,513,50049,84.13075681,217.5859011,7101.699,355.08495,0.693525293,641363.443,990720,213.850918,20000
l4 K=2,er,1,4,0.01,5,0.0,5,17,0.2671645185,0.3938992011,37.473,2.204294118,0.5510735294,173.473,204,1.866847,20000
l4 K=2,er,1,8,0.01,5,0.0,9,33,0.2366303731,0.3488805902,56.454,3.320823529,0.4151029412,328.454,408,3.088445,20000
l4 K=2,er,1,16,0.003,5,0.0,17,65,0.1939045696,0.2858869714,91.657,5.391588235,0.3369742647,635.657,816,4.62502,20000
l4 K=2,er,1,32,0.003,5,0.0,33,129,0.1564675942,0.2306910389,176.271,10.36888235,0.3240275735,1264.271,1632,9.043784,20000
l4 K=2,er,1,64,0.003,5,0.0,65,257,0.150797724,0.2223315556,336.915,19.81852941,0.3096645221,2512.915,3264,19.252429,20000
l4 K=2,er,1,128,0.001,5,0.0,129,513,0.1451686369,0.2140322017,583.793,34.34076471,0.2682872243,4935.793,6528,28.038378,20000
l4 K=2,er,2,4,0.001,5,0.0,9,37,0.3613819728,0.5328105363,71.071,3.948388889,0.4935486111,320.653,504,3.483342,20000
l4 K=2,er,2,8,0.001,5,0.0,17,105,0.4365265163,0.6436013546,137.948,7.663777778,0.4789861111,843.077,1584,5.701376,20000
l4 K=2,er,2,16,0.001,5,0.0,33,337,0.8952013666,1.319857536,259.35,14.40833333,0.4502604167,2503.431,5472,8.894094,20000
l4 K=2,er,2,32,0.001,5,0.0,65,1185,2.025604518,2.986489396,528.446,29.35811111,0.4587204861,9448.753,20160,20.812294,20000
l4 K=2,er,2,64,0.001,5,0.0,129,4417,9.760781748,14.3909983,968.094,53.783,0.4201796875,32960.469,77184,35.839725,20000
l4 K=2,er,2,128,0.001,5,0.0,257,17025,63.93022915,94.25677603,2036.847,113.1581667,0.4420240885,126643.083,301824,76.658372,20000
l4 K=2,er,3,4,0.001,5,0.0,13,57,0.3848596872,0.5674253609,115.853,6.097526316,0.508127193,513.346,836,5.315424,20000
l4 K=2,er,3,8,0.001,5,0.0,25,177,0.982968991,1.449259439,223.683,11.77278947,0.4905328947,1539.211,2888,6.744974,20000
l4 K=2,er,3,16,0.001,5,0.0,49,609,1.207346884,1.780075348,437.336,23.01768421,0.4795350877,5627.967,10640,16.210529,20000
l4 K=2,er,3,32,0.001,5,0.0,97,2241,47.42681669,69.92464908,914.459,48.12942105,0.501348136,21267.596,40736,31.622371,20000
l4 K=2,er,3,64,0.001,5,0.0,193,8577,73.32380201,108.1063728,2322.8,122.2526316,0.6367324561,98406.505,159296,62.6593,20000
l4 K=2,er,3,128,0.01,5,0.0,385,33537,89.30162291,131.6635836,6267.876,329.8882105,0.8590838816,512001.207,629888,127.805512,20000
l4 K=2,er,4,4,0.001,5,0.0,17,77,0.4350240576,0.6413861754,174.554,8.7277,0.54548125,729.447,1200,7.207407,20000
l4 K=2,er,4,8,0.001,5,0.0,33,249,0.771991095,1.138200077,340.135,17.00675,0.5314609375,2438.065,4320,11.627216,20000
l4 K=2,er,4,16,0.001,5,0.0,65,881,0.7609819862,1.121968583,643.725,32.18625,0.5029101563,9050.212,16320,16.361532,20000
l4 K=2,er,4,32,0.001,5,0.0,129,3297,51.69156107,76.21245786,1322.532,66.1266,0.5166140625,34331.683,63360,39.112267,20000
l4 K=2,er,4,64,0.001,5,0.0,257,12737,82.78263821,122.0521918,3182.737,159.13685,0.6216283203,151170.086,249600,92.179344,20000
l4 K=2,er,4,128,0.03,5,0.0,513,50049,89.64061233,132.1633792,9333.044,466.6522,0.9114300781,876617.944,990720,196.907219,20000
l4 K=4,er,1,4,0.003,5,0.0,5,17,0.1714271283,0.480915199,28.436,1.672705882,0.4181764706,164.436,204,1.51709,20000
l4 K=4,er,1,8,0.003,5,0.0,9,33,0.1511309996,0.4239772052,45.091,2.652411765,0.3315514706,317.091,408,2.913436,20000
l4 K=4,er,1,16,0.003,5,0.0,17,65,0.1151272971,0.3229737763,84.965,4.997941176,0.3123713235,628.965,816,4.605133,20000
l4 K=4,er,1,32,0.003,5,0.0,33,129,0.09961379238,0.2794527754,161.774,9.516117647,0.2973786765,1249.774,1632,8.913589,20000
l4 K=4,er,1,64,0.003,5,0.0,65,257,0.07356221633,0.2063686667,306.555,18.03264706,0.2817601103,2482.555,3264,15.922382,20000
l4 K=4,er,1,128,0.001,5,0.0,129,513,0.07818989208,0.2193509737,565.895,33.28794118,0.2600620404,4917.895,6528,35.893838,20000
l4 K=4,er,2,4,0.001,5,0.0,9,37,0.2382333374,0.6683308178,63.989,3.554944444,0.4443680556,305.03,504,3.483911,20000
l4 K=4,er,2,8,0.001,5,0.0,17,105,0.252881368,0.7094238502,121.642,6.757888889,0.4223680556,733.195,1584,5.838224,20000
l4 K=4,er,2,16,0.001,5,0.0,33,337,0.4071427329,1.142182864,240.312,13.35066667,0.4172083333,2255.037,5472,10.297674,20000
l4 K=4,er,2,32,0.001,5,0.0,65,1185,30.7893044,86.37515308,499.019,27.72327778,0.4331762153,7776.836,20160,20.280577,20000
l4 K=4,er,2,64,0.001,5,0.0,129,4417,31.97143861,89.69146781,942.564,52.36466667,0.4090989583,28930.801,77184,35.062074,20000
l4 K=4,er,2,128,0.001,5,0.0,257,17025,35.25408427,98.90047811,1706.83,94.82388889,0.370405816,105500.306,301824,93.734166,20000
l4 K=4,er,3,4,0.003,5,0.0,13,57,0.2357917117,0.6614811733,136.053,7.160684211,0.5967236842,568.178,836,4.120531,20000
l4 K=4,er,3,8,0.001,5,0.0,25,177,0.3994849466,1.120699999,212.724,11.196,0.4665,1473.72,2888,8.719877,20000
l4 K=4,er,3,16,0.001,5,0.0,49,609,0.519703282,1.457955982,440.331,23.17531579,0.4828190789,5357.341,10640,13.093932,20000
l4 K=4,er,3,32,0.001,5,0.0,97,2241,36.80778352,103.2591674,820.27,43.17210526,0.4497094298,19151.835,40736,26.754709,20000
l4 K=4,er,3,64,0.001,5,0.0,193,8577,74.066038,207.782069,2036.212,107.1690526,0.5581721491,93444.561,159296,65.11507,20000
l4 K=4,er,3,128,0.001,5,0.0,385,33537,91.3308015,256.2159852,4543.094,239.1102105,0.6226828399,379093.063,629888,155.165901,20000
l4 K=4,er,4,4,0.001,5,0.0,17,77,0.2794289267,0.78389937,168.441,8.42205,0.526378125,706.942,1200,7.20302,20000
l4 K=4,er,4,8,0.001,5,0.0,33,249,0.336539604,0.9441155099,333.416,16.6708,0.5209625,2406.58,4320,9.539877,20000
l4 K=4,er,4,16,0.001,5,0.0,65,881,0.494660003,1.387700512,596.749,29.83745,0.4662101563,8519.204,16320,18.18155,20000
l4 K=4,er,4,32,0.001,5,0.0,129,3297,33.72632103,94.61454875,1321.923,66.09615,0.5163761719,33342.742,63360,34.53858,20000
l4 K=4,er,4,64,0.001,5,0.0,257,12737,80.26280201,225.166237,3138.932,156.9466,0.6130726562,154805.93,249600,92.139582,20000
l4 K=4,er,4,128,0.001,5,0.0,513,50049,92.55536785,259.6513375,7293.538,364.6769,0.7122595703,667141.735,990720,188.997935,20000
l4 K=8,er,1,4,0.01,5,0.0,5,17,0.1930537166,0.5582698375,24.134,1.419647059,0.3549117647,160.134,204,1.717174,20000
l4 K=8,er,1,8,0.003,5,0.0,9,33,0.1735118262,0.5017588923,43.153,2.538411765,0.3173014706,315.153,408,3.006541,20000
l4 K=8,er,1,16,0.003,5,0.0,17,65,0.1347400122,0.3896391431,80.793,4.752529412,0.2970330882,624.793,816,4.706448,20000
l4 K=8,er,1,32,0.003,5,0.0,33,129,0.107380123,0.3105202264,155.703,9.159,0.28621875,1243.703,1632,8.632385,20000
l4 K=8,er,1,64,0.003,5,0.0,65,257,0.07955582508,0.2300583399,303.924,17.87788235,0.2793419118,2479.924,3264,15.755098,20000
l4 K=8,er,1,128,0.003,5,0.0,129,513,0.06526035368,0.1887189104,591.771,34.81005882,0.2719535846,4943.771,6528,33.536873,20000
l4 K=8,er,2,4,0.003,5,0.0,9,37,0.2361518258,0.6829003021,67.195,3.733055556,0.4666319444,311.998,504,2.755592,20000
l4 K=8,er,2,8,0.001,5,0.0,17,105,0.2304584694,0.6664363397,95.458,5.303222222,0.3314513889,692.402,1584,4.928925,20000
l4 K=8,er,2,16,0.001,5,0.0,33,337,0.2534509905,0.732925767,198.029,11.00161111,0.3438003472,2098.019,5472,9.511035,20000
l4 K=8,er,2,32,0.001,5,0.0,65,1185,0.3492615125,1.009989195,398.649,22.14716667,0.3460494792,6737.867,20160,19.465664,20000
l4 K=8,er,2,64,0.001,5,0.0,129,4417,16.93752718,48.97968666,814.401,45.2445,0.3534726563,24019.55,77184,39.883229,20000
l4 K=8,er,2,128,0.001,5,0.0,257,17025,49.94680239,144.4354128,1680.472,93.35955556,0.3646857639,99110.867,301824,88.773925,20000
l4 K=8,er,3,4,0.001,5,0.0,13,57,0.2608873723,0.754430184,97.992,5.157473684,0.4297894737,444.788,836,5.565363,20000
l4 K=8,er,3,8,0.001,5,0.0,25,177,0.2670760399,0.7723264801,173.353,9.123842105,0.3801600877,1272.882,2888,8.414117,20000
l4 K=8,er,3,16,0.001,5,0.0,49,609,0.4070815267,1.177192244,363.857,19.15036842,0.3989660088,4621.882,10640,15.454169,20000
l4 K=8,er,3,32,0.001,5,0.0,97,2241,28.72098091,83.05490113,762.66,40.14,0.418125,17528.802,40736,29.323476,20000
l4 K=8,er,3,64,0.001,5,0.0,193,8577,67.04467956,193.8787972,1629.654,85.77126316,0.4467253289,72593.306,159296,65.428471,20000
l4 K=8,er,3,128,0.001,5,0.0,385,33537,89.45521042,258.6852337,4388.933,230.9964737,0.6015533169,356430.839,629888,138.669455,20000
l4 K=8,er,4,4,0.001,5,0.0,17,77,0.2683320266,0.7759585236,140.167,7.00835,0.438021875,619.826,1200,6.939193,20000
l4 K=8,er,4,8,0.001,5,0.0,33,249,0.3438320202,0.9942882709,265.795,13.28975,0.4153046875,2012.815,4320,11.297396,20000
l4 K=8,er,4,16,0.001,5,0.0,65,881,0.388321817,1.122943197,548.637,27.43185,0.4286226563,7709.857,16320,21.0988,20000
l4 K=8,er,4,32,0.001,5,0.0,129,3297,45.68136177,132.1006757,1247.1,62.355,0.4871484375,32381.68,63360,39.416769,20000
l4 K=8,er,4,64,0.001,5,0.0,257,12737,83.9481303,242.7599421,2972.656,148.6328,0.580596875,143509.612,249600,93.296631,20000
l4 K=8,er,4,128,0.001,5,0.0,513,50049,97.86567077,283.0064766,7190.681,359.53405,0.7022149414,652692.814,990720,236.810002,20000
l4 K=16,er,1,4,0.003,5,0.0,5,17,0.1426752307,0.2533443835,34.494,2.029058824,0.5072647059,170.494,204,1.914893,20000
l4 K=16,er,1,8,0.01,5,0.0,9,33,0.122579481,0.2176609275,60.637,3.566882353,0.4458602941,332.637,408,2.384649,20000
l4 K=16,er,1,16,0.003,5,0.0,17,65,0.1114938152,0.1979764233,98.561,5.797705882,0.3623566176,642.561,816,5.498446,20000
l4 K=16,er,1,32,0.003,5,0.0,33,129,0.09022458228,0.1602092463,188.058,11.06223529,0.3456948529,1276.058,1632,9.780478,20000
l4 K=16,er,1,64,0.003,5,0.0,65,257,0.07543951159,0.1339558133,363.931,21.40770588,0.3344954044,2539.931,3264,18.870391,20000
l4 K=16,er,1,128,0.003,5,0.0,129,513,0.06035022384,0.1071621905,689.962,40.586,0.317078125,5041.962,6528,29.448206,20000
l4 K=16,er,2,4,0.001,5,0.0,9,37,0.1788009789,0.3174918558,73.031,4.057277778,0.5071597222,322.985,504,3.690571,20000
l4 K=16,er,2,8,0.001,5,0.0,17,105,0.1882010904,0.3341833687,142.899,7.938833333,0.4961770833,878.318,1584,4.552567,20000
l4 K=16,er,2,16,0.001,5,0.0,33,337,0.270588692,0.4804767095,266.657,14.81427778,0.4629461806,2587.712,5472,12.393276,20000
l4 K=16,er,2,32,0.001,5,0.0,65,1185,5.049641742,8.966506436,538.734,29.92966667,0.4676510417,9535.902,20160,17.078398,20000
l4 K=16,er,2,64,0.001,5,0.0,129,4417,42.18821511,74.9124238,953.108,52.95044444,0.4136753472,32319.328,77184,42.808853,20000
l4 K=16,er,2,128,0.001,5,0.0,257,17025,53.93792984,95.7760609,1800.742,100.0412222,0.3907860243,117592.289,301824,94.086915,20000
l4 K=16,er,3,4,0.001,5,0.0,13,57,0.1869803704,0.3320157707,123.265,6.487631579,0.5406359649,523.616,836,5.212571,20000
l4 K=16,er,3,8,0.001,5,0.0,25,177,0.2206391457,0.3917827087,236.934,12.47021053,0.5195921053,1633.193,2888,8.137689,20000
l4 K=16,er,3,16,0.001,5,0.0,49,609,0.3398563402,0.6034733188,452.832,23.83326316,0.4965263158,5833.477,10640,15.650732,20000
l4 K=16,er,3,32,0.001,5,0.0,97,2241,15.62757804,27.74944961,857.54,45.13368421,0.4701425439,20417.276,40736,32.157847,20000
l4 K=16,er,3,64,0.001,5,0.0,193,8577,79.63538936,141.4063151,2157.958,113.5767368,0.5915455044,95917.363,159296,63.910428,20000
l4 K=16,er,3,128,0.003,5,0.0,385,33537,81.90013505,145.4277601,7083.103,372.7948947,0.9708200384,610640.829,629888,100.357318,20000
l4 K=16,er,4,4,0.001,5,0.0,17,77,0.1902691197,0.33785551,182.219,9.11095,0.569434375,751.345,1200,7.092117,20000
l4 K=16,er,4,8,0.001,5,0.0,33,249,0.3106009305,0.551525313,349.048,17.4524,0.5453875,2524.437,4320,9.186801,20000
l4 K=16,er,4,16,0.001,5,0.0,65,881,0.3619125612,0.6426379285,664.051,33.20255,0.5187898438,9264.493,16320,20.651915,20000
l4 K=16,er,4,32,0.001,5,0.0,129,3297,87.86697834,156.0229155,1588.008,79.4004,0.620315625,39665.754,63360,40.986935,20000
l4 K=16,er,4,64,0.001,5,0.0,257,12737,84.41691623,149.8967375,3499.667,174.98335,0.6835287109,163950.141,249600,87.683531,20000
l4 K=16,er,4,128,0.03,5,0.0,513,50049,90.8644848,161.3455032,10066.823,503.34115,0.9830881836,970079.724,990720,174.568794,20000
