trial,model,tick,active_fraction,spontaneous,output_mass,leader
0,er,1,0,0,0,-1
0,er,2,0,0,0,-1
0,er,3,0,0,0,-1
0,er,4,0,0,0,-1
0,er,5,0,0,0,-1
0,er,6,0,0,0,-1
0,er,7,0,0,0,-1
0,er,8,0,0,0,-1
0,er,9,0,0,0,-1
0,er,10,0,0,0,-1
0,er,11,0,0,0,-1
0,er,12,0,0,0,-1
0,er,13,0,0,0,-1
0,er,14,0,0,0,-1
0,er,15,0,0,0,-1
0,er,16,0,0,0,-1
0,er,17,0,0,0,-1
0,er,18,0,0,0,-1
0,er,19,0,0,0,-1
0,er,20,0,0,0,-1
0,er,21,0,0,0,-1
0,er,22,0,0,0,-1
0,er,23,0,0,0,-1
0,er,24,0,0,0,-1
0,er,25,0,0,0,-1
0,er,26,0,0,0,-1
0,er,27,0,0,0,-1
0,er,28,0,0,0,-1
0,er,29,0,0,0,-1
0,er,30,0,0,0,-1
0,er,31,0,0,0,-1
0,er,32,0,0,0,-1
0,er,33,0,0,0,-1
0,er,34,0,0,0,-1
0,er,35,0,0,0,-1
0,er,36,0,0,0,-1
0,er,37,0,0,0,-1
0,er,38,0,0,0,-1
0,er,39,0,0,0,-1
0,er,40,0,0,0,-1
0,er,41,0,0,0,-1
0,er,42,0,0,0,-1
0,er,43,0,0,0,-1
0,er,44,0,0,0,-1
0,er,45,0,0,0,-1
0,er,46,0,0,0,-1
0,er,47,0,0,0,-1
0,er,48,0,0,0,-1
0,er,49,0,0,0,-1
0,er,50,0,0,0,-1
0,er,51,0,0,0,-1
0,er,52,0,0,0,-1
0,er,53,0,0,0,-1
0,er,54,0,0,0,-1
0,er,55,0,0,0,-1
0,er,56,0,0,0,-1
0,er,57,0,0,0,-1
0,er,58,0,0,0,-1
0,er,59,0,0,0,-1
0,er,60,0,0,0,-1
0,er,61,0,0,0,-1
0,er,62,0,0,0,-1
0,er,63,0,0,0,-1
0,er,64,0,0,0,-1
0,er,65,0,0,0,-1
0,er,66,0,0,0,-1
0,er,67,0,0,0,-1
0,er,68,0,0,0,-1
0,er,69,0,0,0,-1
0,er,70,0,0,0,-1
0,er,71,0,0,0,-1
0,er,72,0,0,0,-1
0,er,73,0,0,0,-1
0,er,74,0,0,0,-1
0,er,75,0,0,0,-1
0,er,76,0,0,0,-1
0,er,77,0,0,0,-1
0,er,78,0,0,0,-1
0,er,79,0,0,0,-1
0,er,80,0,0,0,-1
0,er,81,0,0,0,-1
0,er,82,0,0,0,-1
0,er,83,0,0,0,-1
0,er,84,0,0,0,-1
0,er,85,0,0,0,-1
0,er,86,0,0,0,-1
0,er,87,0,0,0,-1
0,er,88,0,0,0,-1
0,er,89,0,0,0,-1
0,er,90,0,0,0,-1
0,er,91,0,0,0,-1
0,er,92,0,0,0,-1
0,er,93,0,0,0,-1
0,er,94,0,0,0,-1
0,er,95,0,0,0,-1
0,er,96,0,0,0,-1
0,er,97,0,0,0,-1
0,er,98,0,0,0,-1
0,er,99,0,0,0,-1
0,er,100,0,0,0,-1
0,er,101,0,0,0,-1
0,er,102,0,0,0,-1
0,er,103,0,0,0,-1
0,er,104,0,0,0,-1
0,er,105,0,0,0,-1
0,er,106,0,0,0,-1
0,er,107,0,0,0,-1
0,er,108,0,0,0,-1
0,er,109,0,0,0,-1
0,er,110,0,0,0,-1
0,er,111,0,0,0,-1
0,er,112,0,0,0,-1
0,er,113,0,0,0,-1
0,er,114,0,0,0,-1
0,er,115,0,0,0,-1
0,er,116,0,0,0,-1
0,er,117,0,0,0,-1
0,er,118,0,0,0,-1
0,er,119,0,0,0,-1
0,er,120,0,0,0,-1
0,er,121,0,0,0,-1
0,er,122,0,0,0,-1
0,er,123,0,0,0,-1
0,er,124,0,0,0,-1
0,er,125,0,0,0,-1
0,er,126,0,0,0,-1
0,er,127,0,0,0,-1
0,er,128,0,0,0,-1
0,er,129,0,0,0,-1
0,er,130,0,0,0,-1
0,er,131,0,0,0,-1
0,er,132,0,0,0,-1
0,er,133,0,0,0,-1
0,er,134,0,0,0,-1
0,er,135,0,0,0,-1
0,er,136,0,0,0,-1
0,er,137,0,0,0,-1
0,er,138,0,0,0,-1
0,er,139,0,0,0,-1
0,er,140,0,0,0,-1
0,er,141,0,0,0,-1
0,er,142,0,0,0,-1
0,er,143,0,0,0,-1
0,er,144,0,0,0,-1
0,er,145,0,0,0,-1
0,er,146,0,0,0,-1
0,er,147,0,0,0,-1
0,er,148,0,0,0,-1
0,er,149,0,0,0,-1
0,er,150,0,0,0,-1
0,er,151,0,0,0,-1
0,er,152,0,0,0,-1
0,er,153,0,0,0,-1
0,er,154,0,0,0,-1
0,er,155,0,0,0,-1
0,er,156,0,0,0,-1
0,er,157,0,0,0,-1
0,er,158,0,0,0,-1
0,er,159,0,0,0,-1
0,er,160,0,0,0,-1
0,er,161,0,0,0,-1
0,er,162,0,0,0,-1
0,er,163,0,0,0,-1
0,er,164,0,0,0,-1
0,er,165,0,0,0,-1
0,er,166,0,0,0,-1
0,er,167,0,0,0,-1
0,er,168,0,0,0,-1
0,er,169,0,0,0,-1
0,er,170,0,0,0,-1
0,er,171,0,0,0,-1
0,er,172,0,0,0,-1
0,er,173,0,0,0,-1
0,er,174,0,0,0,-1
0,er,175,0,0,0,-1
0,er,176,0,0,0,-1
0,er,177,0,0,0,-1
0,er,178,0,0,0,-1
0,er,179,0,0,0,-1
0,er,180,0,0,0,-1
0,er,181,0,0,0,-1
0,er,182,0,0,0,-1
0,er,183,0,0,0,-1
0,er,184,0,0,0,-1
0,er,185,0,0,0,-1
0,er,186,0,0,0,-1
0,er,187,0,0,0,-1
0,er,188,0,0,0,-1
0,er,189,0,0,0,-1
0,er,190,0,0,0,-1
0,er,191,0,0,0,-1
0,er,192,0,0,0,-1
0,er,193,0,0,0,-1
0,er,194,0,0,0,-1
0,er,195,0,0,0,-1
0,er,196,0,0,0,-1
0,er,197,0,0,0,-1
0,er,198,0,0,0,-1
0,er,199,0,0,0,-1
0,er,200,0,0,0,-1
0,er,201,0,0,0,-1
0,er,202,0,0,0,-1
0,er,203,0,0,0,-1
0,er,204,0,0,0,-1
0,er,205,0,0,0,-1
0,er,206,0,0,0,-1
0,er,207,0,0,0,-1
0,er,208,0,0,0,-1
0,er,209,0,0,0,-1
0,er,210,0,0,0,-1
0,er,211,0,0,0,-1
0,er,212,0,0,0,-1
0,er,213,0,0,0,-1
0,er,214,0,0,0,-1
0,er,215,0,0,0,-1
0,er,216,0,0,0,-1
0,er,217,0,0,0,-1
0,er,218,0,0,0,-1
0,er,219,0.0149254,1,0.000264306,0
0,er,220,0.0447761,3,0.00104963,3
0,er,221,0.0149254,1,0.000235926,3
0,er,222,0,0,0,-1
0,er,223,0.0597015,4,0.00188886,3
0,er,224,0.0149254,1,7.34985e-05,3
0,er,225,0.0149254,1,0.00117799,2
0,er,226,0.119403,8,0.00313492,3
0,er,227,0.0447761,3,0.000485141,1
0,er,228,0.104478,7,0.00110022,2
0,er,229,0.0597015,4,0.00147439,2
0,er,230,0.0447761,3,0.00030883,1
0,er,231,0.104478,7,0.00164573,2
0,er,232,0.0895522,6,0.00180457,3
0,er,233,0.0597015,4,0.00110009,0
0,er,234,0.0597015,4,0.000857318,1
0,er,235,0.0895522,6,0.000866237,2
0,er,236,0.0447761,3,0.000758771,0
0,er,237,0.0149254,1,0.000138044,2
0,er,238,0,0,0,-1
0,er,239,0,0,0,-1
0,er,240,0,0,0,-1
0,er,241,0,0,0,-1
0,er,242,0,0,0,-1
0,er,243,0,0,0,-1
0,er,244,0,0,0,-1
0,er,245,0,0,0,-1
0,er,246,0,0,0,-1
0,er,247,0,0,0,-1
0,er,248,0,0,0,-1
0,er,249,0,0,0,-1
0,er,250,0,0,0,-1
0,er,251,0,0,0,-1
0,er,252,0,0,0,-1
0,er,253,0,0,0,-1
0,er,254,0,0,0,-1
0,er,255,0,0,0,-1
0,er,256,0,0,0,-1
0,er,257,0,0,0,-1
0,er,258,0,0,0,-1
0,er,259,0,0,0,-1
0,er,260,0,0,0,-1
0,er,261,0,0,0,-1
0,er,262,0,0,0,-1
0,er,263,0,0,0,-1
0,er,264,0,0,0,-1
0,er,265,0,0,0,-1
0,er,266,0,0,0,-1
0,er,267,0,0,0,-1
0,er,268,0,0,0,-1
0,er,269,0,0,0,-1
0,er,270,0,0,0,-1
0,er,271,0,0,0,-1
0,er,272,0,0,0,-1
0,er,273,0,0,0,-1
0,er,274,0,0,0,-1
0,er,275,0,0,0,-1
0,er,276,0,0,0,-1
0,er,277,0,0,0,-1
0,er,278,0,0,0,-1
0,er,279,0,0,0,-1
0,er,280,0,0,0,-1
0,er,281,0,0,0,-1
0,er,282,0,0,0,-1
0,er,283,0,0,0,-1
0,er,284,0,0,0,-1
0,er,285,0,0,0,-1
0,er,286,0,0,0,-1
0,er,287,0,0,0,-1
0,er,288,0,0,0,-1
0,er,289,0,0,0,-1
0,er,290,0,0,0,-1
0,er,291,0,0,0,-1
0,er,292,0,0,0,-1
0,er,293,0,0,0,-1
0,er,294,0,0,0,-1
0,er,295,0,0,0,-1
0,er,296,0,0,0,-1
0,er,297,0,0,0,-1
0,er,298,0,0,0,-1
0,er,299,0,0,0,-1
0,er,300,0,0,0,-1
0,er,301,0,0,0,-1
0,er,302,0,0,0,-1
0,er,303,0,0,0,-1
0,er,304,0,0,0,-1
0,er,305,0,0,0,-1
0,er,306,0,0,0,-1
0,er,307,0,0,0,-1
0,er,308,0,0,0,-1
0,er,309,0,0,0,-1
0,er,310,0,0,0,-1
0,er,311,0,0,0,-1
0,er,312,0,0,0,-1
0,er,313,0,0,0,-1
0,er,314,0,0,0,-1
0,er,315,0,0,0,-1
0,er,316,0,0,0,-1
0,er,317,0,0,0,-1
0,er,318,0,0,0,-1
0,er,319,0,0,0,-1
0,er,320,0,0,0,-1
0,er,321,0,0,0,-1
0,er,322,0,0,0,-1
0,er,323,0,0,0,-1
0,er,324,0,0,0,-1
0,er,325,0,0,0,-1
0,er,326,0,0,0,-1
0,er,327,0,0,0,-1
0,er,328,0,0,0,-1
0,er,329,0,0,0,-1
0,er,330,0,0,0,-1
0,er,331,0,0,0,-1
0,er,332,0,0,0,-1
0,er,333,0,0,0,-1
0,er,334,0,0,0,-1
0,er,335,0,0,0,-1
0,er,336,0,0,0,-1
0,er,337,0,0,0,-1
0,er,338,0,0,0,-1
0,er,339,0,0,0,-1
0,er,340,0,0,0,-1
0,er,341,0,0,0,-1
0,er,342,0,0,0,-1
0,er,343,0,0,0,-1
0,er,344,0,0,0,-1
0,er,345,0,0,0,-1
0,er,346,0,0,0,-1
0,er,347,0,0,0,-1
0,er,348,0,0,0,-1
0,er,349,0,0,0,-1
0,er,350,0,0,0,-1
0,er,351,0,0,0,-1
0,er,352,0,0,0,-1
0,er,353,0,0,0,-1
0,er,354,0,0,0,-1
0,er,355,0,0,0,-1
0,er,356,0,0,0,-1
0,er,357,0,0,0,-1
0,er,358,0,0,0,-1
0,er,359,0,0,0,-1
0,er,360,0,0,0,-1
0,er,361,0,0,0,-1
0,er,362,0,0,0,-1
0,er,363,0,0,0,-1
0,er,364,0,0,0,-1
0,er,365,0,0,0,-1
0,er,366,0,0,0,-1
0,er,367,0,0,0,-1
0,er,368,0,0,0,-1
0,er,369,0,0,0,-1
0,er,370,0,0,0,-1
0,er,371,0,0,0,-1
0,er,372,0,0,0,-1
0,er,373,0,0,0,-1
0,er,374,0,0,0,-1
0,er,375,0,0,0,-1
0,er,376,0,0,0,-1
0,er,377,0,0,0,-1
0,er,378,0,0,0,-1
0,er,379,0,0,0,-1
0,er,380,0,0,0,-1
0,er,381,0,0,0,-1
0,er,382,0,0,0,-1
0,er,383,0,0,0,-1
0,er,384,0,0,0,-1
0,er,385,0,0,0,-1
0,er,386,0,0,0,-1
0,er,387,0,0,0,-1
0,er,388,0,0,0,-1
0,er,389,0,0,0,-1
0,er,390,0,0,0,-1
0,er,391,0,0,0,-1
0,er,392,0,0,0,-1
0,er,393,0,0,0,-1
0,er,394,0,0,0,-1
0,er,395,0,0,0,-1
0,er,396,0,0,0,-1
0,er,397,0,0,0,-1
0,er,398,0,0,0,-1
0,er,399,0,0,0,-1
0,er,400,0,0,0,-1
0,er,401,0,0,0,-1
0,er,402,0,0,0,-1
0,er,403,0,0,0,-1
0,er,404,0,0,0,-1
0,er,405,0,0,0,-1
0,er,406,0,0,0,-1
0,er,407,0,0,0,-1
0,er,408,0,0,0,-1
0,er,409,0,0,0,-1
0,er,410,0,0,0,-1
0,er,411,0,0,0,-1
0,er,412,0,0,0,-1
0,er,413,0,0,0,-1
0,er,414,0,0,0,-1
0,er,415,0,0,0,-1
0,er,416,0,0,0,-1
0,er,417,0,0,0,-1
0,er,418,0,0,0,-1
0,er,419,0,0,0,-1
0,er,420,0,0,0,-1
0,er,421,0,0,0,-1
0,er,422,0,0,0,-1
0,er,423,0,0,0,-1
0,er,424,0,0,0,-1
0,er,425,0,0,0,-1
0,er,426,0,0,0,-1
0,er,427,0,0,0,-1
0,er,428,0,0,0,-1
0,er,429,0,0,0,-1
0,er,430,0,0,0,-1
0,er,431,0,0,0,-1
0,er,432,0,0,0,-1
0,er,433,0,0,0,-1
0,er,434,0,0,0,-1
0,er,435,0,0,0,-1
0,er,436,0,0,0,-1
0,er,437,0,0,0,-1
0,er,438,0,0,0,-1
0,er,439,0,0,0,-1
0,er,440,0,0,0,-1
0,er,441,0,0,0,-1
0,er,442,0,0,0,-1
0,er,443,0,0,0,-1
0,er,444,0,0,0,-1
0,er,445,0,0,0,-1
0,er,446,0,0,0,-1
0,er,447,0,0,0,-1
0,er,448,0,0,0,-1
0,er,449,0,0,0,-1
0,er,450,0,0,0,-1
0,er,451,0,0,0,-1
0,er,452,0,0,0,-1
0,er,453,0,0,0,-1
0,er,454,0,0,0,-1
0,er,455,0,0,0,-1
0,er,456,0,0,0,-1
0,er,457,0,0,0,-1
0,er,458,0,0,0,-1
0,er,459,0,0,0,-1
0,er,460,0,0,0,-1
0,er,461,0,0,0,-1
0,er,462,0,0,0,-1
0,er,463,0,0,0,-1
0,er,464,0,0,0,-1
0,er,465,0,0,0,-1
0,er,466,0.0149254,1,0.00250795,3
0,er,467,0,0,0,-1
0,er,468,0.0597015,4,0.000574292,2
0,er,469,0,0,0,-1
0,er,470,0,0,0,-1
0,er,471,0.0746269,5,0.00357494,2
0,er,472,0,0,0,-1
0,er,473,0.0298507,2,0.00218996,0
0,er,474,0.119403,8,0.000581225,0
0,er,475,0.0447761,3,0.00120326,1
0,er,476,0.134328,9,0.00163648,3
0,er,477,0.0447761,3,0.00151849,0
0,er,478,0.0298507,2,0.000819796,0
0,er,479,0.0895522,6,0.00240327,0
0,er,480,0.0895522,6,0.00152325,2
0,er,481,0.0746269,5,0.00104705,1
0,er,482,0.0746269,5,0.000637911,0
0,er,483,0.0597015,4,0.000487827,3
0,er,484,0.0447761,3,0.000886543,2
0,er,485,0.0149254,1,5.77456e-05,1
0,er,486,0,0,0,-1
0,er,487,0,0,0,-1
0,er,488,0,0,0,-1
0,er,489,0,0,0,-1
0,er,490,0,0,0,-1
0,er,491,0,0,0,-1
0,er,492,0,0,0,-1
0,er,493,0,0,0,-1
0,er,494,0,0,0,-1
0,er,495,0,0,0,-1
0,er,496,0,0,0,-1
0,er,497,0,0,0,-1
0,er,498,0,0,0,-1
0,er,499,0,0,0,-1
0,er,500,0,0,0,-1
0,er,501,0,0,0,-1
0,er,502,0,0,0,-1
0,er,503,0,0,0,-1
0,er,504,0,0,0,-1
0,er,505,0,0,0,-1
0,er,506,0,0,0,-1
0,er,507,0,0,0,-1
0,er,508,0,0,0,-1
0,er,509,0,0,0,-1
0,er,510,0,0,0,-1
0,er,511,0,0,0,-1
0,er,512,0,0,0,-1
0,er,513,0,0,0,-1
0,er,514,0,0,0,-1
0,er,515,0,0,0,-1
0,er,516,0,0,0,-1
0,er,517,0,0,0,-1
0,er,518,0,0,0,-1
0,er,519,0,0,0,-1
0,er,520,0,0,0,-1
0,er,521,0,0,0,-1
0,er,522,0,0,0,-1
0,er,523,0,0,0,-1
0,er,524,0,0,0,-1
0,er,525,0,0,0,-1
0,er,526,0,0,0,-1
0,er,527,0,0,0,-1
0,er,528,0,0,0,-1
0,er,529,0,0,0,-1
0,er,530,0,0,0,-1
0,er,531,0,0,0,-1
0,er,532,0,0,0,-1
0,er,533,0,0,0,-1
0,er,534,0,0,0,-1
0,er,535,0,0,0,-1
0,er,536,0,0,0,-1
0,er,537,0,0,0,-1
0,er,538,0,0,0,-1
0,er,539,0,0,0,-1
0,er,540,0,0,0,-1
0,er,541,0,0,0,-1
0,er,542,0,0,0,-1
0,er,543,0,0,0,-1
0,er,544,0,0,0,-1
0,er,545,0,0,0,-1
0,er,546,0,0,0,-1
0,er,547,0,0,0,-1
0,er,548,0,0,0,-1
0,er,549,0,0,0,-1
0,er,550,0,0,0,-1
0,er,551,0,0,0,-1
0,er,552,0,0,0,-1
0,er,553,0,0,0,-1
0,er,554,0,0,0,-1
0,er,555,0,0,0,-1
0,er,556,0,0,0,-1
0,er,557,0,0,0,-1
0,er,558,0,0,0,-1
0,er,559,0,0,0,-1
0,er,560,0,0,0,-1
0,er,561,0,0,0,-1
0,er,562,0,0,0,-1
0,er,563,0,0,0,-1
0,er,564,0,0,0,-1
0,er,565,0,0,0,-1
0,er,566,0,0,0,-1
0,er,567,0,0,0,-1
0,er,568,0,0,0,-1
0,er,569,0,0,0,-1
0,er,570,0,0,0,-1
0,er,571,0,0,0,-1
0,er,572,0,0,0,-1
0,er,573,0,0,0,-1
0,er,574,0,0,0,-1
0,er,575,0,0,0,-1
0,er,576,0,0,0,-1
0,er,577,0,0,0,-1
0,er,578,0,0,0,-1
0,er,579,0,0,0,-1
0,er,580,0,0,0,-1
0,er,581,0,0,0,-1
0,er,582,0,0,0,-1
0,er,583,0,0,0,-1
0,er,584,0,0,0,-1
0,er,585,0,0,0,-1
0,er,586,0,0,0,-1
0,er,587,0,0,0,-1
0,er,588,0,0,0,-1
0,er,589,0,0,0,-1
0,er,590,0,0,0,-1
0,er,591,0,0,0,-1
0,er,592,0,0,0,-1
0,er,593,0,0,0,-1
0,er,594,0,0,0,-1
0,er,595,0,0,0,-1
0,er,596,0,0,0,-1
0,er,597,0,0,0,-1
0,er,598,0,0,0,-1
0,er,599,0,0,0,-1
0,er,600,0,0,0,-1
0,er,601,0,0,0,-1
0,er,602,0,0,0,-1
0,er,603,0,0,0,-1
0,er,604,0,0,0,-1
0,er,605,0,0,0,-1
0,er,606,0,0,0,-1
0,er,607,0,0,0,-1
0,er,608,0,0,0,-1
0,er,609,0,0,0,-1
0,er,610,0,0,0,-1
0,er,611,0,0,0,-1
0,er,612,0,0,0,-1
0,er,613,0,0,0,-1
0,er,614,0,0,0,-1
0,er,615,0,0,0,-1
0,er,616,0,0,0,-1
0,er,617,0,0,0,-1
0,er,618,0,0,0,-1
0,er,619,0,0,0,-1
0,er,620,0,0,0,-1
0,er,621,0,0,0,-1
0,er,622,0,0,0,-1
0,er,623,0,0,0,-1
0,er,624,0,0,0,-1
0,er,625,0,0,0,-1
0,er,626,0,0,0,-1
0,er,627,0,0,0,-1
0,er,628,0,0,0,-1
0,er,629,0,0,0,-1
0,er,630,0,0,0,-1
0,er,631,0,0,0,-1
0,er,632,0,0,0,-1
0,er,633,0,0,0,-1
0,er,634,0,0,0,-1
0,er,635,0,0,0,-1
0,er,636,0,0,0,-1
0,er,637,0,0,0,-1
0,er,638,0,0,0,-1
0,er,639,0,0,0,-1
0,er,640,0,0,0,-1
0,er,641,0,0,0,-1
0,er,642,0,0,0,-1
0,er,643,0,0,0,-1
0,er,644,0,0,0,-1
0,er,645,0,0,0,-1
0,er,646,0,0,0,-1
0,er,647,0,0,0,-1
0,er,648,0,0,0,-1
0,er,649,0,0,0,-1
0,er,650,0,0,0,-1
0,er,651,0,0,0,-1
0,er,652,0,0,0,-1
0,er,653,0,0,0,-1
0,er,654,0,0,0,-1
0,er,655,0,0,0,-1
0,er,656,0,0,0,-1
0,er,657,0,0,0,-1
0,er,658,0,0,0,-1
0,er,659,0,0,0,-1
0,er,660,0,0,0,-1
0,er,661,0,0,0,-1
0,er,662,0,0,0,-1
0,er,663,0,0,0,-1
0,er,664,0,0,0,-1
0,er,665,0,0,0,-1
0,er,666,0,0,0,-1
0,er,667,0,0,0,-1
0,er,668,0,0,0,-1
0,er,669,0,0,0,-1
0,er,670,0,0,0,-1
0,er,671,0,0,0,-1
0,er,672,0,0,0,-1
0,er,673,0,0,0,-1
0,er,674,0,0,0,-1
0,er,675,0,0,0,-1
0,er,676,0,0,0,-1
0,er,677,0,0,0,-1
0,er,678,0,0,0,-1
0,er,679,0,0,0,-1
0,er,680,0,0,0,-1
0,er,681,0,0,0,-1
0,er,682,0,0,0,-1
0,er,683,0,0,0,-1
0,er,684,0,0,0,-1
0,er,685,0,0,0,-1
0,er,686,0,0,0,-1
0,er,687,0,0,0,-1
0,er,688,0,0,0,-1
0,er,689,0,0,0,-1
0,er,690,0,0,0,-1
0,er,691,0,0,0,-1
0,er,692,0,0,0,-1
0,er,693,0,0,0,-1
0,er,694,0,0,0,-1
0,er,695,0,0,0,-1
0,er,696,0,0,0,-1
0,er,697,0,0,0,-1
0,er,698,0,0,0,-1
0,er,699,0,0,0,-1
0,er,700,0,0,0,-1
0,er,701,0,0,0,-1
0,er,702,0,0,0,-1
0,er,703,0,0,0,-1
0,er,704,0,0,0,-1
0,er,705,0,0,0,-1
0,er,706,0,0,0,-1
0,er,707,0,0,0,-1
0,er,708,0,0,0,-1
0,er,709,0,0,0,-1
0,er,710,0,0,0,-1
0,er,711,0,0,0,-1
0,er,712,0,0,0,-1
0,er,713,0,0,0,-1
0,er,714,0.0149254,1,0.00168675,0
0,er,715,0.0447761,3,0.00226784,1
0,er,716,0.0149254,1,0.000528025,2
0,er,717,0,0,0,-1
0,er,718,0,0,0,-1
0,er,719,0.0746269,5,0.00182211,0
0,er,720,0,0,0,-1
0,er,721,0.0597015,4,0.00135217,3
0,er,722,0.0895522,6,0.00067815,0
0,er,723,0.0597015,4,0.00123876,0
0,er,724,0.134328,9,0.00204128,1
0,er,725,0.0447761,3,0.00112211,3
0,er,726,0.0298507,2,0.000569634,2
0,er,727,0.0895522,6,0.00254802,0
0,er,728,0.119403,8,0.00175867,1
0,er,729,0.0597015,4,0.00166963,2
0,er,730,0.0597015,4,0.000984886,2
0,er,731,0.0447761,3,0.000762988,1
0,er,732,0.0447761,3,0.000381972,0
0,er,733,0.0149254,1,0.000244422,1
0,er,734,0,0,0,-1
0,er,735,0,0,0,-1
0,er,736,0,0,0,-1
0,er,737,0,0,0,-1
0,er,738,0,0,0,-1
0,er,739,0,0,0,-1
0,er,740,0,0,0,-1
0,er,741,0,0,0,-1
0,er,742,0,0,0,-1
0,er,743,0,0,0,-1
0,er,744,0,0,0,-1
0,er,745,0,0,0,-1
0,er,746,0,0,0,-1
0,er,747,0,0,0,-1
0,er,748,0,0,0,-1
0,er,749,0,0,0,-1
0,er,750,0,0,0,-1
0,er,751,0,0,0,-1
0,er,752,0,0,0,-1
0,er,753,0,0,0,-1
0,er,754,0,0,0,-1
0,er,755,0,0,0,-1
0,er,756,0,0,0,-1
0,er,757,0,0,0,-1
0,er,758,0,0,0,-1
0,er,759,0,0,0,-1
0,er,760,0,0,0,-1
0,er,761,0,0,0,-1
0,er,762,0,0,0,-1
0,er,763,0,0,0,-1
0,er,764,0,0,0,-1
0,er,765,0,0,0,-1
0,er,766,0,0,0,-1
0,er,767,0,0,0,-1
0,er,768,0,0,0,-1
0,er,769,0,0,0,-1
0,er,770,0,0,0,-1
0,er,771,0,0,0,-1
0,er,772,0,0,0,-1
0,er,773,0,0,0,-1
0,er,774,0,0,0,-1
0,er,775,0,0,0,-1
0,er,776,0,0,0,-1
0,er,777,0,0,0,-1
0,er,778,0,0,0,-1
0,er,779,0,0,0,-1
0,er,780,0,0,0,-1
0,er,781,0,0,0,-1
0,er,782,0,0,0,-1
0,er,783,0,0,0,-1
0,er,784,0,0,0,-1
0,er,785,0,0,0,-1
0,er,786,0,0,0,-1
0,er,787,0,0,0,-1
0,er,788,0,0,0,-1
0,er,789,0,0,0,-1
0,er,790,0,0,0,-1
0,er,791,0,0,0,-1
0,er,792,0,0,0,-1
0,er,793,0,0,0,-1
0,er,794,0,0,0,-1
0,er,795,0,0,0,-1
0,er,796,0,0,0,-1
0,er,797,0,0,0,-1
0,er,798,0,0,0,-1
0,er,799,0,0,0,-1
0,er,800,0,0,0,-1
0,er,801,0,0,0,-1
0,er,802,0,0,0,-1
0,er,803,0,0,0,-1
0,er,804,0,0,0,-1
0,er,805,0,0,0,-1
0,er,806,0,0,0,-1
0,er,807,0,0,0,-1
0,er,808,0,0,0,-1
0,er,809,0,0,0,-1
0,er,810,0,0,0,-1
0,er,811,0,0,0,-1
0,er,812,0,0,0,-1
0,er,813,0,0,0,-1
0,er,814,0,0,0,-1
0,er,815,0,0,0,-1
0,er,816,0,0,0,-1
0,er,817,0,0,0,-1
0,er,818,0,0,0,-1
0,er,819,0,0,0,-1
0,er,820,0,0,0,-1
0,er,821,0,0,0,-1
0,er,822,0,0,0,-1
0,er,823,0,0,0,-1
0,er,824,0,0,0,-1
0,er,825,0,0,0,-1
0,er,826,0,0,0,-1
0,er,827,0,0,0,-1
0,er,828,0,0,0,-1
0,er,829,0,0,0,-1
0,er,830,0,0,0,-1
0,er,831,0,0,0,-1
0,er,832,0,0,0,-1
0,er,833,0,0,0,-1
0,er,834,0,0,0,-1
0,er,835,0,0,0,-1
0,er,836,0,0,0,-1
0,er,837,0,0,0,-1
0,er,838,0,0,0,-1
0,er,839,0,0,0,-1
0,er,840,0,0,0,-1
0,er,841,0,0,0,-1
0,er,842,0,0,0,-1
0,er,843,0,0,0,-1
0,er,844,0,0,0,-1
0,er,845,0,0,0,-1
0,er,846,0,0,0,-1
0,er,847,0,0,0,-1
0,er,848,0,0,0,-1
0,er,849,0,0,0,-1
0,er,850,0,0,0,-1
0,er,851,0,0,0,-1
0,er,852,0,0,0,-1
0,er,853,0,0,0,-1
0,er,854,0,0,0,-1
0,er,855,0,0,0,-1
0,er,856,0,0,0,-1
0,er,857,0,0,0,-1
0,er,858,0,0,0,-1
0,er,859,0,0,0,-1
0,er,860,0,0,0,-1
0,er,861,0,0,0,-1
0,er,862,0,0,0,-1
0,er,863,0,0,0,-1
0,er,864,0,0,0,-1
0,er,865,0,0,0,-1
0,er,866,0,0,0,-1
0,er,867,0,0,0,-1
0,er,868,0,0,0,-1
0,er,869,0,0,0,-1
0,er,870,0,0,0,-1
0,er,871,0,0,0,-1
0,er,872,0,0,0,-1
0,er,873,0,0,0,-1
0,er,874,0,0,0,-1
0,er,875,0,0,0,-1
0,er,876,0,0,0,-1
0,er,877,0,0,0,-1
0,er,878,0,0,0,-1
0,er,879,0,0,0,-1
0,er,880,0,0,0,-1
0,er,881,0,0,0,-1
0,er,882,0,0,0,-1
0,er,883,0,0,0,-1
0,er,884,0,0,0,-1
0,er,885,0,0,0,-1
0,er,886,0,0,0,-1
0,er,887,0,0,0,-1
0,er,888,0,0,0,-1
0,er,889,0,0,0,-1
0,er,890,0,0,0,-1
0,er,891,0,0,0,-1
0,er,892,0,0,0,-1
0,er,893,0,0,0,-1
0,er,894,0,0,0,-1
0,er,895,0,0,0,-1
0,er,896,0,0,0,-1
0,er,897,0,0,0,-1
0,er,898,0,0,0,-1
0,er,899,0,0,0,-1
0,er,900,0,0,0,-1
0,er,901,0,0,0,-1
0,er,902,0,0,0,-1
0,er,903,0,0,0,-1
0,er,904,0,0,0,-1
0,er,905,0,0,0,-1
0,er,906,0,0,0,-1
0,er,907,0,0,0,-1
0,er,908,0,0,0,-1
0,er,909,0,0,0,-1
0,er,910,0,0,0,-1
0,er,911,0,0,0,-1
0,er,912,0,0,0,-1
0,er,913,0,0,0,-1
0,er,914,0,0,0,-1
0,er,915,0,0,0,-1
0,er,916,0,0,0,-1
0,er,917,0,0,0,-1
0,er,918,0,0,0,-1
0,er,919,0,0,0,-1
0,er,920,0,0,0,-1
0,er,921,0,0,0,-1
0,er,922,0,0,0,-1
0,er,923,0,0,0,-1
0,er,924,0,0,0,-1
0,er,925,0,0,0,-1
0,er,926,0,0,0,-1
0,er,927,0,0,0,-1
0,er,928,0,0,0,-1
0,er,929,0,0,0,-1
0,er,930,0,0,0,-1
0,er,931,0,0,0,-1
0,er,932,0,0,0,-1
0,er,933,0,0,0,-1
0,er,934,0,0,0,-1
0,er,935,0,0,0,-1
0,er,936,0,0,0,-1
0,er,937,0,0,0,-1
0,er,938,0,0,0,-1
0,er,939,0,0,0,-1
0,er,940,0,0,0,-1
0,er,941,0,0,0,-1
0,er,942,0,0,0,-1
0,er,943,0,0,0,-1
0,er,944,0,0,0,-1
0,er,945,0,0,0,-1
0,er,946,0,0,0,-1
0,er,947,0,0,0,-1
0,er,948,0,0,0,-1
0,er,949,0,0,0,-1
0,er,950,0,0,0,-1
0,er,951,0,0,0,-1
0,er,952,0,0,0,-1
0,er,953,0,0,0,-1
0,er,954,0,0,0,-1
0,er,955,0,0,0,-1
0,er,956,0,0,0,-1
0,er,957,0,0,0,-1
0,er,958,0,0,0,-1
0,er,959,0,0,0,-1
0,er,960,0,0,0,-1
0,er,961,0,0,0,-1
0,er,962,0.0149254,1,0.00304485,0
0,er,963,0.0447761,3,0.00194509,2
0,er,964,0.0149254,1,0.00051148,2
0,er,965,0,0,0,-1
0,er,966,0.0149254,1,0.00205549,0
0,er,967,0.0597015,4,0.00077054,0
0,er,968,0.0298507,2,0.00306573,1
0,er,969,0.0895522,6,0.000915301,1
0,er,970,0.0447761,3,0.000765202,2
0,er,971,0.0597015,4,0.00111868,0
0,er,972,0.119403,8,0.00209373,0
0,er,973,0.0447761,3,0.0017407,1
0,er,974,0.0447761,3,0.00133143,0
0,er,975,0.119403,8,0.00176602,0
0,er,976,0.104478,7,0.00110288,2
0,er,977,0.0597015,4,0.00123857,0
0,er,978,0.0447761,3,0.000660408,3
0,er,979,0.0447761,3,0.000734286,0
0,er,980,0.0298507,2,0.000699305,2
0,er,981,0.0149254,1,0.000147227,1
0,er,982,0,0,0,-1
0,er,983,0,0,0,-1
0,er,984,0,0,0,-1
0,er,985,0,0,0,-1
0,er,986,0,0,0,-1
0,er,987,0,0,0,-1
0,er,988,0,0,0,-1
0,er,989,0,0,0,-1
0,er,990,0,0,0,-1
0,er,991,0,0,0,-1
0,er,992,0,0,0,-1
0,er,993,0,0,0,-1
0,er,994,0,0,0,-1
0,er,995,0,0,0,-1
0,er,996,0,0,0,-1
0,er,997,0,0,0,-1
0,er,998,0,0,0,-1
0,er,999,0,0,0,-1
0,er,1000,0,0,0,-1
0,er,1001,0,0,0,-1
0,er,1002,0,0,0,-1
0,er,1003,0,0,0,-1
0,er,1004,0,0,0,-1
0,er,1005,0,0,0,-1
0,er,1006,0,0,0,-1
0,er,1007,0,0,0,-1
0,er,1008,0,0,0,-1
0,er,1009,0,0,0,-1
0,er,1010,0,0,0,-1
0,er,1011,0,0,0,-1
0,er,1012,0,0,0,-1
0,er,1013,0,0,0,-1
0,er,1014,0,0,0,-1
0,er,1015,0,0,0,-1
0,er,1016,0,0,0,-1
0,er,1017,0,0,0,-1
0,er,1018,0,0,0,-1
0,er,1019,0,0,0,-1
0,er,1020,0,0,0,-1
0,er,1021,0,0,0,-1
0,er,1022,0,0,0,-1
0,er,1023,0,0,0,-1
0,er,1024,0,0,0,-1
0,er,1025,0,0,0,-1
0,er,1026,0,0,0,-1
0,er,1027,0,0,0,-1
0,er,1028,0,0,0,-1
0,er,1029,0,0,0,-1
0,er,1030,0,0,0,-1
0,er,1031,0,0,0,-1
0,er,1032,0,0,0,-1
0,er,1033,0,0,0,-1
0,er,1034,0,0,0,-1
0,er,1035,0,0,0,-1
0,er,1036,0,0,0,-1
0,er,1037,0,0,0,-1
0,er,1038,0,0,0,-1
0,er,1039,0,0,0,-1
0,er,1040,0,0,0,-1
0,er,1041,0,0,0,-1
0,er,1042,0,0,0,-1
0,er,1043,0,0,0,-1
0,er,1044,0,0,0,-1
0,er,1045,0,0,0,-1
0,er,1046,0,0,0,-1
0,er,1047,0,0,0,-1
0,er,1048,0,0,0,-1
0,er,1049,0,0,0,-1
0,er,1050,0,0,0,-1
0,er,1051,0,0,0,-1
0,er,1052,0,0,0,-1
0,er,1053,0,0,0,-1
0,er,1054,0,0,0,-1
0,er,1055,0,0,0,-1
0,er,1056,0,0,0,-1
0,er,1057,0,0,0,-1
0,er,1058,0,0,0,-1
0,er,1059,0,0,0,-1
0,er,1060,0,0,0,-1
0,er,1061,0,0,0,-1
0,er,1062,0,0,0,-1
0,er,1063,0,0,0,-1
0,er,1064,0,0,0,-1
0,er,1065,0,0,0,-1
0,er,1066,0,0,0,-1
0,er,1067,0,0,0,-1
0,er,1068,0,0,0,-1
0,er,1069,0,0,0,-1
0,er,1070,0,0,0,-1
0,er,1071,0,0,0,-1
0,er,1072,0,0,0,-1
0,er,1073,0,0,0,-1
0,er,1074,0,0,0,-1
0,er,1075,0,0,0,-1
0,er,1076,0,0,0,-1
0,er,1077,0,0,0,-1
0,er,1078,0,0,0,-1
0,er,1079,0,0,0,-1
0,er,1080,0,0,0,-1
0,er,1081,0,0,0,-1
0,er,1082,0,0,0,-1
0,er,1083,0,0,0,-1
0,er,1084,0,0,0,-1
0,er,1085,0,0,0,-1
0,er,1086,0,0,0,-1
0,er,1087,0,0,0,-1
0,er,1088,0,0,0,-1
0,er,1089,0,0,0,-1
0,er,1090,0,0,0,-1
0,er,1091,0,0,0,-1
0,er,1092,0,0,0,-1
0,er,1093,0,0,0,-1
0,er,1094,0,0,0,-1
0,er,1095,0,0,0,-1
0,er,1096,0,0,0,-1
0,er,1097,0,0,0,-1
0,er,1098,0,0,0,-1
0,er,1099,0,0,0,-1
0,er,1100,0,0,0,-1
0,er,1101,0,0,0,-1
0,er,1102,0,0,0,-1
0,er,1103,0,0,0,-1
0,er,1104,0,0,0,-1
0,er,1105,0,0,0,-1
0,er,1106,0,0,0,-1
0,er,1107,0,0,0,-1
0,er,1108,0,0,0,-1
0,er,1109,0,0,0,-1
0,er,1110,0,0,0,-1
0,er,1111,0,0,0,-1
0,er,1112,0,0,0,-1
0,er,1113,0,0,0,-1
0,er,1114,0,0,0,-1
0,er,1115,0,0,0,-1
0,er,1116,0,0,0,-1
0,er,1117,0,0,0,-1
0,er,1118,0,0,0,-1
0,er,1119,0,0,0,-1
0,er,1120,0,0,0,-1
0,er,1121,0,0,0,-1
0,er,1122,0,0,0,-1
0,er,1123,0,0,0,-1
0,er,1124,0,0,0,-1
0,er,1125,0,0,0,-1
0,er,1126,0,0,0,-1
0,er,1127,0,0,0,-1
0,er,1128,0,0,0,-1
0,er,1129,0,0,0,-1
0,er,1130,0,0,0,-1
0,er,1131,0,0,0,-1
0,er,1132,0,0,0,-1
0,er,1133,0,0,0,-1
0,er,1134,0,0,0,-1
0,er,1135,0,0,0,-1
0,er,1136,0,0,0,-1
0,er,1137,0,0,0,-1
0,er,1138,0,0,0,-1
0,er,1139,0,0,0,-1
0,er,1140,0,0,0,-1
0,er,1141,0,0,0,-1
0,er,1142,0,0,0,-1
0,er,1143,0,0,0,-1
0,er,1144,0,0,0,-1
0,er,1145,0,0,0,-1
0,er,1146,0,0,0,-1
0,er,1147,0,0,0,-1
0,er,1148,0,0,0,-1
0,er,1149,0,0,0,-1
0,er,1150,0,0,0,-1
0,er,1151,0,0,0,-1
0,er,1152,0,0,0,-1
0,er,1153,0,0,0,-1
0,er,1154,0,0,0,-1
0,er,1155,0,0,0,-1
0,er,1156,0,0,0,-1
0,er,1157,0,0,0,-1
0,er,1158,0,0,0,-1
0,er,1159,0,0,0,-1
0,er,1160,0,0,0,-1
0,er,1161,0,0,0,-1
0,er,1162,0,0,0,-1
0,er,1163,0,0,0,-1
0,er,1164,0,0,0,-1
0,er,1165,0,0,0,-1
0,er,1166,0,0,0,-1
0,er,1167,0,0,0,-1
0,er,1168,0,0,0,-1
0,er,1169,0,0,0,-1
0,er,1170,0,0,0,-1
0,er,1171,0,0,0,-1
0,er,1172,0,0,0,-1
0,er,1173,0,0,0,-1
0,er,1174,0,0,0,-1
0,er,1175,0,0,0,-1
0,er,1176,0,0,0,-1
0,er,1177,0,0,0,-1
0,er,1178,0,0,0,-1
0,er,1179,0,0,0,-1
0,er,1180,0,0,0,-1
0,er,1181,0,0,0,-1
0,er,1182,0,0,0,-1
0,er,1183,0,0,0,-1
0,er,1184,0,0,0,-1
0,er,1185,0,0,0,-1
0,er,1186,0,0,0,-1
0,er,1187,0,0,0,-1
0,er,1188,0,0,0,-1
0,er,1189,0,0,0,-1
0,er,1190,0,0,0,-1
0,er,1191,0,0,0,-1
0,er,1192,0,0,0,-1
0,er,1193,0,0,0,-1
0,er,1194,0,0,0,-1
0,er,1195,0,0,0,-1
0,er,1196,0,0,0,-1
0,er,1197,0,0,0,-1
0,er,1198,0,0,0,-1
0,er,1199,0,0,0,-1
0,er,1200,0,0,0,-1
0,er,1201,0,0,0,-1
0,er,1202,0,0,0,-1
0,er,1203,0,0,0,-1
0,er,1204,0,0,0,-1
0,er,1205,0,0,0,-1
0,er,1206,0,0,0,-1
0,er,1207,0,0,0,-1
0,er,1208,0,0,0,-1
0,er,1209,0,0,0,-1
0,er,1210,0.0149254,1,0.00163761,0
0,er,1211,0.0447761,3,0.00227893,1
0,er,1212,0.0149254,1,0.000466642,2
0,er,1213,0,0,0,-1
0,er,1214,0.0149254,1,0.000574812,0
0,er,1215,0.0597015,4,0.00177352,2
0,er,1216,0.0447761,3,0.000292675,1
0,er,1217,0.0746269,5,0.00181903,2
0,er,1218,0.0447761,3,0.00115923,2
0,er,1219,0.0597015,4,0.00205079,0
0,er,1220,0.134328,9,0.00278379,0
0,er,1221,0.0298507,2,0.000739428,1
0,er,1222,0.0447761,3,0.000535479,1
0,er,1223,0.119403,8,0.00209938,1
0,er,1224,0.119403,8,0.00126884,3
0,er,1225,0.0597015,4,0.00087475,1
0,er,1226,0.0447761,3,0.000616633,2
0,er,1227,0.0298507,2,0.000306847,0
0,er,1228,0.0298507,2,8.16671e-05,1
0,er,1229,0.0149254,1,0.000282144,1
0,er,1230,0,0,0,-1
0,er,1231,0,0,0,-1
0,er,1232,0,0,0,-1
0,er,1233,0,0,0,-1
0,er,1234,0,0,0,-1
0,er,1235,0,0,0,-1
0,er,1236,0,0,0,-1
0,er,1237,0,0,0,-1
0,er,1238,0,0,0,-1
0,er,1239,0,0,0,-1
0,er,1240,0,0,0,-1
0,er,1241,0,0,0,-1
0,er,1242,0,0,0,-1
0,er,1243,0,0,0,-1
0,er,1244,0,0,0,-1
0,er,1245,0,0,0,-1
0,er,1246,0,0,0,-1
0,er,1247,0,0,0,-1
0,er,1248,0,0,0,-1
0,er,1249,0,0,0,-1
0,er,1250,0,0,0,-1
0,er,1251,0,0,0,-1
0,er,1252,0,0,0,-1
0,er,1253,0,0,0,-1
0,er,1254,0,0,0,-1
0,er,1255,0,0,0,-1
0,er,1256,0,0,0,-1
0,er,1257,0,0,0,-1
0,er,1258,0,0,0,-1
0,er,1259,0,0,0,-1
0,er,1260,0,0,0,-1
0,er,1261,0,0,0,-1
0,er,1262,0,0,0,-1
0,er,1263,0,0,0,-1
0,er,1264,0,0,0,-1
0,er,1265,0,0,0,-1
0,er,1266,0,0,0,-1
0,er,1267,0,0,0,-1
0,er,1268,0,0,0,-1
0,er,1269,0,0,0,-1
0,er,1270,0,0,0,-1
0,er,1271,0,0,0,-1
0,er,1272,0,0,0,-1
0,er,1273,0,0,0,-1
0,er,1274,0,0,0,-1
0,er,1275,0,0,0,-1
0,er,1276,0,0,0,-1
0,er,1277,0,0,0,-1
0,er,1278,0,0,0,-1
0,er,1279,0,0,0,-1
0,er,1280,0,0,0,-1
0,er,1281,0,0,0,-1
0,er,1282,0,0,0,-1
0,er,1283,0,0,0,-1
0,er,1284,0,0,0,-1
0,er,1285,0,0,0,-1
0,er,1286,0,0,0,-1
0,er,1287,0,0,0,-1
0,er,1288,0,0,0,-1
0,er,1289,0,0,0,-1
0,er,1290,0,0,0,-1
0,er,1291,0,0,0,-1
0,er,1292,0,0,0,-1
0,er,1293,0,0,0,-1
0,er,1294,0,0,0,-1
0,er,1295,0,0,0,-1
0,er,1296,0,0,0,-1
0,er,1297,0,0,0,-1
0,er,1298,0,0,0,-1
0,er,1299,0,0,0,-1
0,er,1300,0,0,0,-1
0,er,1301,0,0,0,-1
0,er,1302,0,0,0,-1
0,er,1303,0,0,0,-1
0,er,1304,0,0,0,-1
0,er,1305,0,0,0,-1
0,er,1306,0,0,0,-1
0,er,1307,0,0,0,-1
0,er,1308,0,0,0,-1
0,er,1309,0,0,0,-1
0,er,1310,0,0,0,-1
0,er,1311,0,0,0,-1
0,er,1312,0,0,0,-1
0,er,1313,0,0,0,-1
0,er,1314,0,0,0,-1
0,er,1315,0,0,0,-1
0,er,1316,0,0,0,-1
0,er,1317,0,0,0,-1
0,er,1318,0,0,0,-1
0,er,1319,0,0,0,-1
0,er,1320,0,0,0,-1
0,er,1321,0,0,0,-1
0,er,1322,0,0,0,-1
0,er,1323,0,0,0,-1
0,er,1324,0,0,0,-1
0,er,1325,0,0,0,-1
0,er,1326,0,0,0,-1
0,er,1327,0,0,0,-1
0,er,1328,0,0,0,-1
0,er,1329,0,0,0,-1
0,er,1330,0,0,0,-1
0,er,1331,0,0,0,-1
0,er,1332,0,0,0,-1
0,er,1333,0,0,0,-1
0,er,1334,0,0,0,-1
0,er,1335,0,0,0,-1
0,er,1336,0,0,0,-1
0,er,1337,0,0,0,-1
0,er,1338,0,0,0,-1
0,er,1339,0,0,0,-1
0,er,1340,0,0,0,-1
0,er,1341,0,0,0,-1
0,er,1342,0,0,0,-1
0,er,1343,0,0,0,-1
0,er,1344,0,0,0,-1
0,er,1345,0,0,0,-1
0,er,1346,0,0,0,-1
0,er,1347,0,0,0,-1
0,er,1348,0,0,0,-1
0,er,1349,0,0,0,-1
0,er,1350,0,0,0,-1
0,er,1351,0,0,0,-1
0,er,1352,0,0,0,-1
0,er,1353,0,0,0,-1
0,er,1354,0,0,0,-1
0,er,1355,0,0,0,-1
0,er,1356,0,0,0,-1
0,er,1357,0,0,0,-1
0,er,1358,0,0,0,-1
0,er,1359,0,0,0,-1
0,er,1360,0,0,0,-1
0,er,1361,0,0,0,-1
0,er,1362,0,0,0,-1
0,er,1363,0,0,0,-1
0,er,1364,0,0,0,-1
0,er,1365,0,0,0,-1
0,er,1366,0,0,0,-1
0,er,1367,0,0,0,-1
0,er,1368,0,0,0,-1
0,er,1369,0,0,0,-1
0,er,1370,0,0,0,-1
0,er,1371,0,0,0,-1
0,er,1372,0,0,0,-1
0,er,1373,0,0,0,-1
0,er,1374,0,0,0,-1
0,er,1375,0,0,0,-1
0,er,1376,0,0,0,-1
0,er,1377,0,0,0,-1
0,er,1378,0,0,0,-1
0,er,1379,0,0,0,-1
0,er,1380,0,0,0,-1
0,er,1381,0,0,0,-1
0,er,1382,0,0,0,-1
0,er,1383,0,0,0,-1
0,er,1384,0,0,0,-1
0,er,1385,0,0,0,-1
0,er,1386,0,0,0,-1
0,er,1387,0,0,0,-1
0,er,1388,0,0,0,-1
0,er,1389,0,0,0,-1
0,er,1390,0,0,0,-1
0,er,1391,0,0,0,-1
0,er,1392,0,0,0,-1
0,er,1393,0,0,0,-1
0,er,1394,0,0,0,-1
0,er,1395,0,0,0,-1
0,er,1396,0,0,0,-1
0,er,1397,0,0,0,-1
0,er,1398,0,0,0,-1
0,er,1399,0,0,0,-1
0,er,1400,0,0,0,-1
0,er,1401,0,0,0,-1
0,er,1402,0,0,0,-1
0,er,1403,0,0,0,-1
0,er,1404,0,0,0,-1
0,er,1405,0,0,0,-1
0,er,1406,0,0,0,-1
0,er,1407,0,0,0,-1
0,er,1408,0,0,0,-1
0,er,1409,0,0,0,-1
0,er,1410,0,0,0,-1
0,er,1411,0,0,0,-1
0,er,1412,0,0,0,-1
0,er,1413,0,0,0,-1
0,er,1414,0,0,0,-1
0,er,1415,0,0,0,-1
0,er,1416,0,0,0,-1
0,er,1417,0,0,0,-1
0,er,1418,0,0,0,-1
0,er,1419,0,0,0,-1
0,er,1420,0,0,0,-1
0,er,1421,0,0,0,-1
0,er,1422,0,0,0,-1
0,er,1423,0,0,0,-1
0,er,1424,0,0,0,-1
0,er,1425,0,0,0,-1
0,er,1426,0,0,0,-1
0,er,1427,0,0,0,-1
0,er,1428,0,0,0,-1
0,er,1429,0,0,0,-1
0,er,1430,0,0,0,-1
0,er,1431,0,0,0,-1
0,er,1432,0,0,0,-1
0,er,1433,0,0,0,-1
0,er,1434,0,0,0,-1
0,er,1435,0,0,0,-1
0,er,1436,0,0,0,-1
0,er,1437,0,0,0,-1
0,er,1438,0,0,0,-1
0,er,1439,0,0,0,-1
0,er,1440,0,0,0,-1
0,er,1441,0,0,0,-1
0,er,1442,0,0,0,-1
0,er,1443,0,0,0,-1
0,er,1444,0,0,0,-1
0,er,1445,0,0,0,-1
0,er,1446,0,0,0,-1
0,er,1447,0,0,0,-1
0,er,1448,0,0,0,-1
0,er,1449,0,0,0,-1
0,er,1450,0,0,0,-1
0,er,1451,0,0,0,-1
0,er,1452,0,0,0,-1
0,er,1453,0,0,0,-1
0,er,1454,0,0,0,-1
0,er,1455,0,0,0,-1
0,er,1456,0,0,0,-1
0,er,1457,0,0,0,-1
0,er,1458,0.0149254,1,0.000201681,3
0,er,1459,0.0447761,3,0.00194766,1
0,er,1460,0.0149254,1,3.39014e-05,2
0,er,1461,0,0,0,-1
0,er,1462,0.0149254,1,0.00126411,0
0,er,1463,0.0746269,5,0.00309436,2
0,er,1464,0.0597015,4,0.00229326,2
0,er,1465,0.0597015,4,0.00193684,0
0,er,1466,0.0447761,3,0.00238954,1
0,er,1467,0.0597015,4,0.000818117,2
0,er,1468,0.119403,8,0.00260584,3
0,er,1469,0.0298507,2,0.00145666,3
0,er,1470,0.0597015,4,0.0015326,2
0,er,1471,0.104478,7,0.00155647,2
0,er,1472,0.149254,10,0.00189938,2
0,er,1473,0.0447761,3,0.00168773,2
0,er,1474,0.0298507,2,0.000506202,2
0,er,1475,0.0447761,3,0.000791212,0
0,er,1476,0.0149254,1,0.000211052,1
0,er,1477,0.0149254,1,5.80447e-05,2
0,er,1478,0,0,0,-1
0,er,1479,0,0,0,-1
0,er,1480,0,0,0,-1
0,er,1481,0,0,0,-1
0,er,1482,0,0,0,-1
0,er,1483,0,0,0,-1
0,er,1484,0,0,0,-1
0,er,1485,0,0,0,-1
0,er,1486,0,0,0,-1
0,er,1487,0,0,0,-1
0,er,1488,0,0,0,-1
0,er,1489,0,0,0,-1
0,er,1490,0,0,0,-1
0,er,1491,0,0,0,-1
0,er,1492,0,0,0,-1
0,er,1493,0,0,0,-1
0,er,1494,0,0,0,-1
0,er,1495,0,0,0,-1
0,er,1496,0,0,0,-1
0,er,1497,0,0,0,-1
0,er,1498,0,0,0,-1
0,er,1499,0,0,0,-1
0,er,1500,0,0,0,-1
0,gate,1,0,0,0,-1
0,gate,2,0,0,0,-1
0,gate,3,0,0,0,-1
0,gate,4,0,0,0,-1
0,gate,5,0,0,0,-1
0,gate,6,0,0,0,-1
0,gate,7,0,0,0,-1
0,gate,8,0,0,0,-1
0,gate,9,0,0,0,-1
0,gate,10,0,0,0,-1
0,gate,11,0,0,0,-1
0,gate,12,0,0,0,-1
0,gate,13,0,0,0,-1
0,gate,14,0,0,0,-1
0,gate,15,0,0,0,-1
0,gate,16,0,0,0,-1
0,gate,17,0,0,0,-1
0,gate,18,0,0,0,-1
0,gate,19,0,0,0,-1
0,gate,20,0,0,0,-1
0,gate,21,0,0,0,-1
0,gate,22,0,0,0,-1
0,gate,23,0,0,0,-1
0,gate,24,0,0,0,-1
0,gate,25,0,0,0,-1
0,gate,26,0,0,0,-1
0,gate,27,0,0,0,-1
0,gate,28,0,0,0,-1
0,gate,29,0,0,0,-1
0,gate,30,0,0,0,-1
0,gate,31,0,0,0,-1
0,gate,32,0,0,0,-1
0,gate,33,0,0,0,-1
0,gate,34,0,0,0,-1
0,gate,35,0,0,0,-1
0,gate,36,0,0,0,-1
0,gate,37,0,0,0,-1
0,gate,38,0,0,0,-1
0,gate,39,0,0,0,-1
0,gate,40,0,0,0,-1
0,gate,41,0,0,0,-1
0,gate,42,0,0,0,-1
0,gate,43,0,0,0,-1
0,gate,44,0,0,0,-1
0,gate,45,0,0,0,-1
0,gate,46,0,0,0,-1
0,gate,47,0,0,0,-1
0,gate,48,0,0,0,-1
0,gate,49,0,0,0,-1
0,gate,50,0,0,0,-1
0,gate,51,0,0,0,-1
0,gate,52,0,0,0,-1
0,gate,53,0,0,0,-1
0,gate,54,0,0,0,-1
0,gate,55,0,0,0,-1
0,gate,56,0,0,0,-1
0,gate,57,0,0,0,-1
0,gate,58,0,0,0,-1
0,gate,59,0,0,0,-1
0,gate,60,0,0,0,-1
0,gate,61,0,0,0,-1
0,gate,62,0,0,0,-1
0,gate,63,0,0,0,-1
0,gate,64,0,0,0,-1
0,gate,65,0,0,0,-1
0,gate,66,0,0,0,-1
0,gate,67,0,0,0,-1
0,gate,68,0,0,0,-1
0,gate,69,0,0,0,-1
0,gate,70,0,0,0,-1
0,gate,71,0,0,0,-1
0,gate,72,0,0,0,-1
0,gate,73,0,0,0,-1
0,gate,74,0,0,0,-1
0,gate,75,0,0,0,-1
0,gate,76,0,0,0,-1
0,gate,77,0,0,0,-1
0,gate,78,0,0,0,-1
0,gate,79,0,0,0,-1
0,gate,80,0,0,0,-1
0,gate,81,0,0,0,-1
0,gate,82,0,0,0,-1
0,gate,83,0,0,0,-1
0,gate,84,0,0,0,-1
0,gate,85,0,0,0,-1
0,gate,86,0,0,0,-1
0,gate,87,0,0,0,-1
0,gate,88,0,0,0,-1
0,gate,89,0,0,0,-1
0,gate,90,0,0,0,-1
0,gate,91,0,0,0,-1
0,gate,92,0,0,0,-1
0,gate,93,0,0,0,-1
0,gate,94,0,0,0,-1
0,gate,95,0,0,0,-1
0,gate,96,0,0,0,-1
0,gate,97,0,0,0,-1
0,gate,98,0,0,0,-1
0,gate,99,0,0,0,-1
0,gate,100,0,0,0,-1
0,gate,101,0,0,0,-1
0,gate,102,0,0,0,-1
0,gate,103,0,0,0,-1
0,gate,104,0,0,0,-1
0,gate,105,0,0,0,-1
0,gate,106,0,0,0,-1
0,gate,107,0,0,0,-1
0,gate,108,0,0,0,-1
0,gate,109,0,0,0,-1
0,gate,110,0,0,0,-1
0,gate,111,0,0,0,-1
0,gate,112,0,0,0,-1
0,gate,113,0,0,0,-1
0,gate,114,0,0,0,-1
0,gate,115,0,0,0,-1
0,gate,116,0,0,0,-1
0,gate,117,0,0,0,-1
0,gate,118,0,0,0,-1
0,gate,119,0,0,0,-1
0,gate,120,0,0,0,-1
0,gate,121,0,0,0,-1
0,gate,122,0,0,0,-1
0,gate,123,0,0,0,-1
0,gate,124,0,0,0,-1
0,gate,125,0,0,0,-1
0,gate,126,0,0,0,-1
0,gate,127,0,0,0,-1
0,gate,128,0,0,0,-1
0,gate,129,0,0,0,-1
0,gate,130,0,0,0,-1
0,gate,131,0,0,0,-1
0,gate,132,0,0,0,-1
0,gate,133,0,0,0,-1
0,gate,134,0,0,0,-1
0,gate,135,0,0,0,-1
0,gate,136,0,0,0,-1
0,gate,137,0,0,0,-1
0,gate,138,0,0,0,-1
0,gate,139,0,0,0,-1
0,gate,140,0,0,0,-1
0,gate,141,0,0,0,-1
0,gate,142,0,0,0,-1
0,gate,143,0,0,0,-1
0,gate,144,0,0,0,-1
0,gate,145,0,0,0,-1
0,gate,146,0,0,0,-1
0,gate,147,0,0,0,-1
0,gate,148,0,0,0,-1
0,gate,149,0,0,0,-1
0,gate,150,0,0,0,-1
0,gate,151,0,0,0,-1
0,gate,152,0,0,0,-1
0,gate,153,0,0,0,-1
0,gate,154,0,0,0,-1
0,gate,155,0,0,0,-1
0,gate,156,0,0,0,-1
0,gate,157,0,0,0,-1
0,gate,158,0,0,0,-1
0,gate,159,0,0,0,-1
0,gate,160,0,0,0,-1
0,gate,161,0,0,0,-1
0,gate,162,0,0,0,-1
0,gate,163,0,0,0,-1
0,gate,164,0,0,0,-1
0,gate,165,0,0,0,-1
0,gate,166,0,0,0,-1
0,gate,167,0,0,0,-1
0,gate,168,0,0,0,-1
0,gate,169,0,0,0,-1
0,gate,170,0,0,0,-1
0,gate,171,0,0,0,-1
0,gate,172,0,0,0,-1
0,gate,173,0,0,0,-1
0,gate,174,0,0,0,-1
0,gate,175,0,0,0,-1
0,gate,176,0,0,0,-1
0,gate,177,0,0,0,-1
0,gate,178,0,0,0,-1
0,gate,179,0,0,0,-1
0,gate,180,0,0,0,-1
0,gate,181,0,0,0,-1
0,gate,182,0,0,0,-1
0,gate,183,0,0,0,-1
0,gate,184,0,0,0,-1
0,gate,185,0,0,0,-1
0,gate,186,0,0,0,-1
0,gate,187,0,0,0,-1
0,gate,188,0,0,0,-1
0,gate,189,0,0,0,-1
0,gate,190,0,0,0,-1
0,gate,191,0,0,0,-1
0,gate,192,0,0,0,-1
0,gate,193,0,0,0,-1
0,gate,194,0,0,0,-1
0,gate,195,0,0,0,-1
0,gate,196,0,0,0,-1
0,gate,197,0,0,0,-1
0,gate,198,0,0,0,-1
0,gate,199,0,0,0,-1
0,gate,200,0,0,0,-1
0,gate,201,0,0,0,-1
0,gate,202,0,0,0,-1
0,gate,203,0,0,0,-1
0,gate,204,0,0,0,-1
0,gate,205,0,0,0,-1
0,gate,206,0,0,0,-1
0,gate,207,0,0,0,-1
0,gate,208,0,0,0,-1
0,gate,209,0,0,0,-1
0,gate,210,0,0,0,-1
0,gate,211,0,0,0,-1
0,gate,212,0,0,0,-1
0,gate,213,0,0,0,-1
0,gate,214,0,0,0,-1
0,gate,215,0,0,0,-1
0,gate,216,0,0,0,-1
0,gate,217,0,0,0,-1
0,gate,218,0,0,0,-1
0,gate,219,0,0,0,-1
0,gate,220,0,0,0,-1
0,gate,221,0,0,0,-1
0,gate,222,0,0,0,-1
0,gate,223,0,0,0,-1
0,gate,224,0,0,0,-1
0,gate,225,0,0,0,-1
0,gate,226,0,0,0,-1
0,gate,227,0,0,0,-1
0,gate,228,0,0,0,-1
0,gate,229,0,0,0,-1
0,gate,230,0,0,0,-1
0,gate,231,0,0,0,-1
0,gate,232,0,0,0,-1
0,gate,233,0,0,0,-1
0,gate,234,0,0,0,-1
0,gate,235,0,0,0,-1
0,gate,236,0,0,0,-1
0,gate,237,0,0,0,-1
0,gate,238,0,0,0,-1
0,gate,239,0,0,0,-1
0,gate,240,0,0,0,-1
0,gate,241,0,0,0,-1
0,gate,242,0,0,0,-1
0,gate,243,0,0,0,-1
0,gate,244,0,0,0,-1
0,gate,245,0,0,0,-1
0,gate,246,0,0,0,-1
0,gate,247,0,0,0,-1
0,gate,248,0,0,0,-1
0,gate,249,0,0,0,-1
0,gate,250,0,0,0,-1
0,gate,251,0,0,0,-1
0,gate,252,0,0,0,-1
0,gate,253,0,0,0,-1
0,gate,254,0,0,0,-1
0,gate,255,0,0,0,-1
0,gate,256,0,0,0,-1
0,gate,257,0,0,0,-1
0,gate,258,0,0,0,-1
0,gate,259,0,0,0,-1
0,gate,260,0,0,0,-1
0,gate,261,0,0,0,-1
0,gate,262,0,0,0,-1
0,gate,263,0,0,0,-1
0,gate,264,0,0,0,-1
0,gate,265,0,0,0,-1
0,gate,266,0,0,0,-1
0,gate,267,0,0,0,-1
0,gate,268,0,0,0,-1
0,gate,269,0,0,0,-1
0,gate,270,0,0,0,-1
0,gate,271,0,0,0,-1
0,gate,272,0,0,0,-1
0,gate,273,0,0,0,-1
0,gate,274,0,0,0,-1
0,gate,275,0,0,0,-1
0,gate,276,0,0,0,-1
0,gate,277,0,0,0,-1
0,gate,278,0,0,0,-1
0,gate,279,0,0,0,-1
0,gate,280,0,0,0,-1
0,gate,281,0,0,0,-1
0,gate,282,0,0,0,-1
0,gate,283,0,0,0,-1
0,gate,284,0,0,0,-1
0,gate,285,0,0,0,-1
0,gate,286,0,0,0,-1
0,gate,287,0,0,0,-1
0,gate,288,0,0,0,-1
0,gate,289,0,0,0,-1
0,gate,290,0,0,0,-1
0,gate,291,0,0,0,-1
0,gate,292,0,0,0,-1
0,gate,293,0,0,0,-1
0,gate,294,0,0,0,-1
0,gate,295,0,0,0,-1
0,gate,296,0,0,0,-1
0,gate,297,0,0,0,-1
0,gate,298,0,0,0,-1
0,gate,299,0,0,0,-1
0,gate,300,0,0,0,-1
0,gate,301,0,0,0,-1
0,gate,302,0,0,0,-1
0,gate,303,0,0,0,-1
0,gate,304,0,0,0,-1
0,gate,305,0,0,0,-1
0,gate,306,0,0,0,-1
0,gate,307,0,0,0,-1
0,gate,308,0,0,0,-1
0,gate,309,0,0,0,-1
0,gate,310,0,0,0,-1
0,gate,311,0,0,0,-1
0,gate,312,0,0,0,-1
0,gate,313,0,0,0,-1
0,gate,314,0,0,0,-1
0,gate,315,0,0,0,-1
0,gate,316,0,0,0,-1
0,gate,317,0,0,0,-1
0,gate,318,0,0,0,-1
0,gate,319,0,0,0,-1
0,gate,320,0,0,0,-1
0,gate,321,0,0,0,-1
0,gate,322,0,0,0,-1
0,gate,323,0,0,0,-1
0,gate,324,0,0,0,-1
0,gate,325,0,0,0,-1
0,gate,326,0,0,0,-1
0,gate,327,0,0,0,-1
0,gate,328,0,0,0,-1
0,gate,329,0,0,0,-1
0,gate,330,0,0,0,-1
0,gate,331,0,0,0,-1
0,gate,332,0,0,0,-1
0,gate,333,0,0,0,-1
0,gate,334,0,0,0,-1
0,gate,335,0,0,0,-1
0,gate,336,0,0,0,-1
0,gate,337,0,0,0,-1
0,gate,338,0,0,0,-1
0,gate,339,0,0,0,-1
0,gate,340,0,0,0,-1
0,gate,341,0,0,0,-1
0,gate,342,0,0,0,-1
0,gate,343,0,0,0,-1
0,gate,344,0,0,0,-1
0,gate,345,0,0,0,-1
0,gate,346,0,0,0,-1
0,gate,347,0,0,0,-1
0,gate,348,0,0,0,-1
0,gate,349,0,0,0,-1
0,gate,350,0,0,0,-1
0,gate,351,0,0,0,-1
0,gate,352,0,0,0,-1
0,gate,353,0,0,0,-1
0,gate,354,0,0,0,-1
0,gate,355,0,0,0,-1
0,gate,356,0,0,0,-1
0,gate,357,0,0,0,-1
0,gate,358,0,0,0,-1
0,gate,359,0,0,0,-1
0,gate,360,0,0,0,-1
0,gate,361,0,0,0,-1
0,gate,362,0,0,0,-1
0,gate,363,0,0,0,-1
0,gate,364,0,0,0,-1
0,gate,365,0,0,0,-1
0,gate,366,0,0,0,-1
0,gate,367,0,0,0,-1
0,gate,368,0,0,0,-1
0,gate,369,0,0,0,-1
0,gate,370,0,0,0,-1
0,gate,371,0,0,0,-1
0,gate,372,0,0,0,-1
0,gate,373,0,0,0,-1
0,gate,374,0,0,0,-1
0,gate,375,0,0,0,-1
0,gate,376,0,0,0,-1
0,gate,377,0,0,0,-1
0,gate,378,0,0,0,-1
0,gate,379,0,0,0,-1
0,gate,380,0,0,0,-1
0,gate,381,0,0,0,-1
0,gate,382,0,0,0,-1
0,gate,383,0,0,0,-1
0,gate,384,0,0,0,-1
0,gate,385,0,0,0,-1
0,gate,386,0,0,0,-1
0,gate,387,0,0,0,-1
0,gate,388,0,0,0,-1
0,gate,389,0,0,0,-1
0,gate,390,0,0,0,-1
0,gate,391,0,0,0,-1
0,gate,392,0,0,0,-1
0,gate,393,0,0,0,-1
0,gate,394,0,0,0,-1
0,gate,395,0,0,0,-1
0,gate,396,0,0,0,-1
0,gate,397,0,0,0,-1
0,gate,398,0,0,0,-1
0,gate,399,0,0,0,-1
0,gate,400,0,0,0,-1
0,gate,401,0,0,0,-1
0,gate,402,0,0,0,-1
0,gate,403,0,0,0,-1
0,gate,404,0,0,0,-1
0,gate,405,0,0,0,-1
0,gate,406,0,0,0,-1
0,gate,407,0,0,0,-1
0,gate,408,0,0,0,-1
0,gate,409,0,0,0,-1
0,gate,410,0,0,0,-1
0,gate,411,0,0,0,-1
0,gate,412,0,0,0,-1
0,gate,413,0,0,0,-1
0,gate,414,0,0,0,-1
0,gate,415,0,0,0,-1
0,gate,416,0,0,0,-1
0,gate,417,0,0,0,-1
0,gate,418,0,0,0,-1
0,gate,419,0,0,0,-1
0,gate,420,0,0,0,-1
0,gate,421,0,0,0,-1
0,gate,422,0,0,0,-1
0,gate,423,0,0,0,-1
0,gate,424,0,0,0,-1
0,gate,425,0,0,0,-1
0,gate,426,0,0,0,-1
0,gate,427,0,0,0,-1
0,gate,428,0,0,0,-1
0,gate,429,0,0,0,-1
0,gate,430,0,0,0,-1
0,gate,431,0,0,0,-1
0,gate,432,0,0,0,-1
0,gate,433,0,0,0,-1
0,gate,434,0,0,0,-1
0,gate,435,0,0,0,-1
0,gate,436,0,0,0,-1
0,gate,437,0,0,0,-1
0,gate,438,0,0,0,-1
0,gate,439,0,0,0,-1
0,gate,440,0,0,0,-1
0,gate,441,0,0,0,-1
0,gate,442,0,0,0,-1
0,gate,443,0,0,0,-1
0,gate,444,0,0,0,-1
0,gate,445,0,0,0,-1
0,gate,446,0,0,0,-1
0,gate,447,0,0,0,-1
0,gate,448,0,0,0,-1
0,gate,449,0,0,0,-1
0,gate,450,0,0,0,-1
0,gate,451,0,0,0,-1
0,gate,452,0,0,0,-1
0,gate,453,0,0,0,-1
0,gate,454,0,0,0,-1
0,gate,455,0,0,0,-1
0,gate,456,0,0,0,-1
0,gate,457,0,0,0,-1
0,gate,458,0,0,0,-1
0,gate,459,0,0,0,-1
0,gate,460,0,0,0,-1
0,gate,461,0,0,0,-1
0,gate,462,0,0,0,-1
0,gate,463,0,0,0,-1
0,gate,464,0,0,0,-1
0,gate,465,0,0,0,-1
0,gate,466,0,0,0,-1
0,gate,467,0,0,0,-1
0,gate,468,0,0,0,-1
0,gate,469,0,0,0,-1
0,gate,470,0,0,0,-1
0,gate,471,0,0,0,-1
0,gate,472,0,0,0,-1
0,gate,473,0,0,0,-1
0,gate,474,0,0,0,-1
0,gate,475,0,0,0,-1
0,gate,476,0,0,0,-1
0,gate,477,0,0,0,-1
0,gate,478,0,0,0,-1
0,gate,479,0,0,0,-1
0,gate,480,0,0,0,-1
0,gate,481,0,0,0,-1
0,gate,482,0,0,0,-1
0,gate,483,0,0,0,-1
0,gate,484,0,0,0,-1
0,gate,485,0,0,0,-1
0,gate,486,0,0,0,-1
0,gate,487,0,0,0,-1
0,gate,488,0,0,0,-1
0,gate,489,0,0,0,-1
0,gate,490,0,0,0,-1
0,gate,491,0,0,0,-1
0,gate,492,0,0,0,-1
0,gate,493,0,0,0,-1
0,gate,494,0,0,0,-1
0,gate,495,0,0,0,-1
0,gate,496,0,0,0,-1
0,gate,497,0,0,0,-1
0,gate,498,0,0,0,-1
0,gate,499,0,0,0,-1
0,gate,500,0,0,0,-1
0,gate,501,0,0,0,-1
0,gate,502,0,0,0,-1
0,gate,503,0,0,0,-1
0,gate,504,0,0,0,-1
0,gate,505,0,0,0,-1
0,gate,506,0,0,0,-1
0,gate,507,0,0,0,-1
0,gate,508,0,0,0,-1
0,gate,509,0,0,0,-1
0,gate,510,0,0,0,-1
0,gate,511,0,0,0,-1
0,gate,512,0,0,0,-1
0,gate,513,0,0,0,-1
0,gate,514,0,0,0,-1
0,gate,515,0,0,0,-1
0,gate,516,0,0,0,-1
0,gate,517,0,0,0,-1
0,gate,518,0,0,0,-1
0,gate,519,0,0,0,-1
0,gate,520,0,0,0,-1
0,gate,521,0,0,0,-1
0,gate,522,0,0,0,-1
0,gate,523,0,0,0,-1
0,gate,524,0,0,0,-1
0,gate,525,0,0,0,-1
0,gate,526,0,0,0,-1
0,gate,527,0,0,0,-1
0,gate,528,0,0,0,-1
0,gate,529,0,0,0,-1
0,gate,530,0,0,0,-1
0,gate,531,0,0,0,-1
0,gate,532,0,0,0,-1
0,gate,533,0,0,0,-1
0,gate,534,0,0,0,-1
0,gate,535,0,0,0,-1
0,gate,536,0,0,0,-1
0,gate,537,0,0,0,-1
0,gate,538,0,0,0,-1
0,gate,539,0,0,0,-1
0,gate,540,0,0,0,-1
0,gate,541,0,0,0,-1
0,gate,542,0,0,0,-1
0,gate,543,0,0,0,-1
0,gate,544,0,0,0,-1
0,gate,545,0,0,0,-1
0,gate,546,0,0,0,-1
0,gate,547,0,0,0,-1
0,gate,548,0,0,0,-1
0,gate,549,0,0,0,-1
0,gate,550,0,0,0,-1
0,gate,551,0,0,0,-1
0,gate,552,0,0,0,-1
0,gate,553,0,0,0,-1
0,gate,554,0,0,0,-1
0,gate,555,0,0,0,-1
0,gate,556,0,0,0,-1
0,gate,557,0,0,0,-1
0,gate,558,0,0,0,-1
0,gate,559,0,0,0,-1
0,gate,560,0,0,0,-1
0,gate,561,0,0,0,-1
0,gate,562,0,0,0,-1
0,gate,563,0,0,0,-1
0,gate,564,0,0,0,-1
0,gate,565,0,0,0,-1
0,gate,566,0,0,0,-1
0,gate,567,0,0,0,-1
0,gate,568,0,0,0,-1
0,gate,569,0,0,0,-1
0,gate,570,0,0,0,-1
0,gate,571,0,0,0,-1
0,gate,572,0,0,0,-1
0,gate,573,0,0,0,-1
0,gate,574,0,0,0,-1
0,gate,575,0,0,0,-1
0,gate,576,0,0,0,-1
0,gate,577,0,0,0,-1
0,gate,578,0,0,0,-1
0,gate,579,0,0,0,-1
0,gate,580,0,0,0,-1
0,gate,581,0,0,0,-1
0,gate,582,0,0,0,-1
0,gate,583,0,0,0,-1
0,gate,584,0,0,0,-1
0,gate,585,0,0,0,-1
0,gate,586,0,0,0,-1
0,gate,587,0,0,0,-1
0,gate,588,0,0,0,-1
0,gate,589,0,0,0,-1
0,gate,590,0,0,0,-1
0,gate,591,0,0,0,-1
0,gate,592,0,0,0,-1
0,gate,593,0,0,0,-1
0,gate,594,0,0,0,-1
0,gate,595,0,0,0,-1
0,gate,596,0,0,0,-1
0,gate,597,0,0,0,-1
0,gate,598,0,0,0,-1
0,gate,599,0,0,0,-1
0,gate,600,0,0,0,-1
0,gate,601,0,0,0,-1
0,gate,602,0,0,0,-1
0,gate,603,0,0,0,-1
0,gate,604,0,0,0,-1
0,gate,605,0,0,0,-1
0,gate,606,0,0,0,-1
0,gate,607,0,0,0,-1
0,gate,608,0,0,0,-1
0,gate,609,0,0,0,-1
0,gate,610,0,0,0,-1
0,gate,611,0,0,0,-1
0,gate,612,0,0,0,-1
0,gate,613,0,0,0,-1
0,gate,614,0,0,0,-1
0,gate,615,0,0,0,-1
0,gate,616,0,0,0,-1
0,gate,617,0,0,0,-1
0,gate,618,0,0,0,-1
0,gate,619,0,0,0,-1
0,gate,620,0,0,0,-1
0,gate,621,0,0,0,-1
0,gate,622,0,0,0,-1
0,gate,623,0,0,0,-1
0,gate,624,0,0,0,-1
0,gate,625,0,0,0,-1
0,gate,626,0,0,0,-1
0,gate,627,0,0,0,-1
0,gate,628,0,0,0,-1
0,gate,629,0,0,0,-1
0,gate,630,0,0,0,-1
0,gate,631,0,0,0,-1
0,gate,632,0,0,0,-1
0,gate,633,0,0,0,-1
0,gate,634,0,0,0,-1
0,gate,635,0,0,0,-1
0,gate,636,0,0,0,-1
0,gate,637,0,0,0,-1
0,gate,638,0,0,0,-1
0,gate,639,0,0,0,-1
0,gate,640,0,0,0,-1
0,gate,641,0,0,0,-1
0,gate,642,0,0,0,-1
0,gate,643,0,0,0,-1
0,gate,644,0,0,0,-1
0,gate,645,0,0,0,-1
0,gate,646,0,0,0,-1
0,gate,647,0,0,0,-1
0,gate,648,0,0,0,-1
0,gate,649,0,0,0,-1
0,gate,650,0,0,0,-1
0,gate,651,0,0,0,-1
0,gate,652,0,0,0,-1
0,gate,653,0,0,0,-1
0,gate,654,0,0,0,-1
0,gate,655,0,0,0,-1
0,gate,656,0,0,0,-1
0,gate,657,0,0,0,-1
0,gate,658,0,0,0,-1
0,gate,659,0,0,0,-1
0,gate,660,0,0,0,-1
0,gate,661,0,0,0,-1
0,gate,662,0,0,0,-1
0,gate,663,0,0,0,-1
0,gate,664,0,0,0,-1
0,gate,665,0,0,0,-1
0,gate,666,0,0,0,-1
0,gate,667,0,0,0,-1
0,gate,668,0,0,0,-1
0,gate,669,0,0,0,-1
0,gate,670,0,0,0,-1
0,gate,671,0,0,0,-1
0,gate,672,0,0,0,-1
0,gate,673,0,0,0,-1
0,gate,674,0,0,0,-1
0,gate,675,0,0,0,-1
0,gate,676,0,0,0,-1
0,gate,677,0,0,0,-1
0,gate,678,0,0,0,-1
0,gate,679,0,0,0,-1
0,gate,680,0,0,0,-1
0,gate,681,0,0,0,-1
0,gate,682,0,0,0,-1
0,gate,683,0,0,0,-1
0,gate,684,0,0,0,-1
0,gate,685,0,0,0,-1
0,gate,686,0,0,0,-1
0,gate,687,0,0,0,-1
0,gate,688,0,0,0,-1
0,gate,689,0,0,0,-1
0,gate,690,0,0,0,-1
0,gate,691,0,0,0,-1
0,gate,692,0,0,0,-1
0,gate,693,0,0,0,-1
0,gate,694,0,0,0,-1
0,gate,695,0,0,0,-1
0,gate,696,0,0,0,-1
0,gate,697,0,0,0,-1
0,gate,698,0,0,0,-1
0,gate,699,0,0,0,-1
0,gate,700,0,0,0,-1
0,gate,701,0,0,0,-1
0,gate,702,0,0,0,-1
0,gate,703,0,0,0,-1
0,gate,704,0,0,0,-1
0,gate,705,0,0,0,-1
0,gate,706,0,0,0,-1
0,gate,707,0,0,0,-1
0,gate,708,0,0,0,-1
0,gate,709,0,0,0,-1
0,gate,710,0,0,0,-1
0,gate,711,0,0,0,-1
0,gate,712,0,0,0,-1
0,gate,713,0,0,0,-1
0,gate,714,0,0,0,-1
0,gate,715,0,0,0,-1
0,gate,716,0,0,0,-1
0,gate,717,0,0,0,-1
0,gate,718,0,0,0,-1
0,gate,719,0,0,0,-1
0,gate,720,0,0,0,-1
0,gate,721,0,0,0,-1
0,gate,722,0,0,0,-1
0,gate,723,0,0,0,-1
0,gate,724,0,0,0,-1
0,gate,725,0,0,0,-1
0,gate,726,0,0,0,-1
0,gate,727,0,0,0,-1
0,gate,728,0,0,0,-1
0,gate,729,0,0,0,-1
0,gate,730,0,0,0,-1
0,gate,731,0,0,0,-1
0,gate,732,0,0,0,-1
0,gate,733,0,0,0,-1
0,gate,734,0,0,0,-1
0,gate,735,0,0,0,-1
0,gate,736,0,0,0,-1
0,gate,737,0,0,0,-1
0,gate,738,0,0,0,-1
0,gate,739,0,0,0,-1
0,gate,740,0,0,0,-1
0,gate,741,0,0,0,-1
0,gate,742,0,0,0,-1
0,gate,743,0,0,0,-1
0,gate,744,0,0,0,-1
0,gate,745,0,0,0,-1
0,gate,746,0,0,0,-1
0,gate,747,0,0,0,-1
0,gate,748,0,0,0,-1
0,gate,749,0,0,0,-1
0,gate,750,0,0,0,-1
0,gate,751,0,0,0,-1
0,gate,752,0,0,0,-1
0,gate,753,0,0,0,-1
0,gate,754,0,0,0,-1
0,gate,755,0,0,0,-1
0,gate,756,0,0,0,-1
0,gate,757,0,0,0,-1
0,gate,758,0,0,0,-1
0,gate,759,0,0,0,-1
0,gate,760,0,0,0,-1
0,gate,761,0,0,0,-1
0,gate,762,0,0,0,-1
0,gate,763,0,0,0,-1
0,gate,764,0,0,0,-1
0,gate,765,0,0,0,-1
0,gate,766,0,0,0,-1
0,gate,767,0,0,0,-1
0,gate,768,0,0,0,-1
0,gate,769,0,0,0,-1
0,gate,770,0,0,0,-1
0,gate,771,0,0,0,-1
0,gate,772,0,0,0,-1
0,gate,773,0,0,0,-1
0,gate,774,0,0,0,-1
0,gate,775,0,0,0,-1
0,gate,776,0,0,0,-1
0,gate,777,0,0,0,-1
0,gate,778,0,0,0,-1
0,gate,779,0,0,0,-1
0,gate,780,0,0,0,-1
0,gate,781,0,0,0,-1
0,gate,782,0,0,0,-1
0,gate,783,0,0,0,-1
0,gate,784,0,0,0,-1
0,gate,785,0,0,0,-1
0,gate,786,0,0,0,-1
0,gate,787,0,0,0,-1
0,gate,788,0,0,0,-1
0,gate,789,0,0,0,-1
0,gate,790,0,0,0,-1
0,gate,791,0,0,0,-1
0,gate,792,0,0,0,-1
0,gate,793,0,0,0,-1
0,gate,794,0,0,0,-1
0,gate,795,0,0,0,-1
0,gate,796,0,0,0,-1
0,gate,797,0,0,0,-1
0,gate,798,0,0,0,-1
0,gate,799,0,0,0,-1
0,gate,800,0,0,0,-1
0,gate,801,0,0,0,-1
0,gate,802,0,0,0,-1
0,gate,803,0,0,0,-1
0,gate,804,0,0,0,-1
0,gate,805,0,0,0,-1
0,gate,806,0,0,0,-1
0,gate,807,0,0,0,-1
0,gate,808,0,0,0,-1
0,gate,809,0,0,0,-1
0,gate,810,0,0,0,-1
0,gate,811,0,0,0,-1
0,gate,812,0,0,0,-1
0,gate,813,0,0,0,-1
0,gate,814,0,0,0,-1
0,gate,815,0,0,0,-1
0,gate,816,0,0,0,-1
0,gate,817,0,0,0,-1
0,gate,818,0,0,0,-1
0,gate,819,0,0,0,-1
0,gate,820,0,0,0,-1
0,gate,821,0,0,0,-1
0,gate,822,0,0,0,-1
0,gate,823,0,0,0,-1
0,gate,824,0,0,0,-1
0,gate,825,0,0,0,-1
0,gate,826,0,0,0,-1
0,gate,827,0,0,0,-1
0,gate,828,0,0,0,-1
0,gate,829,0,0,0,-1
0,gate,830,0,0,0,-1
0,gate,831,0,0,0,-1
0,gate,832,0,0,0,-1
0,gate,833,0,0,0,-1
0,gate,834,0,0,0,-1
0,gate,835,0,0,0,-1
0,gate,836,0,0,0,-1
0,gate,837,0,0,0,-1
0,gate,838,0,0,0,-1
0,gate,839,0,0,0,-1
0,gate,840,0,0,0,-1
0,gate,841,0,0,0,-1
0,gate,842,0,0,0,-1
0,gate,843,0,0,0,-1
0,gate,844,0,0,0,-1
0,gate,845,0,0,0,-1
0,gate,846,0,0,0,-1
0,gate,847,0,0,0,-1
0,gate,848,0,0,0,-1
0,gate,849,0,0,0,-1
0,gate,850,0,0,0,-1
0,gate,851,0,0,0,-1
0,gate,852,0,0,0,-1
0,gate,853,0,0,0,-1
0,gate,854,0,0,0,-1
0,gate,855,0,0,0,-1
0,gate,856,0,0,0,-1
0,gate,857,0,0,0,-1
0,gate,858,0,0,0,-1
0,gate,859,0,0,0,-1
0,gate,860,0,0,0,-1
0,gate,861,0,0,0,-1
0,gate,862,0,0,0,-1
0,gate,863,0,0,0,-1
0,gate,864,0,0,0,-1
0,gate,865,0,0,0,-1
0,gate,866,0,0,0,-1
0,gate,867,0,0,0,-1
0,gate,868,0,0,0,-1
0,gate,869,0,0,0,-1
0,gate,870,0,0,0,-1
0,gate,871,0,0,0,-1
0,gate,872,0,0,0,-1
0,gate,873,0,0,0,-1
0,gate,874,0,0,0,-1
0,gate,875,0,0,0,-1
0,gate,876,0,0,0,-1
0,gate,877,0,0,0,-1
0,gate,878,0,0,0,-1
0,gate,879,0,0,0,-1
0,gate,880,0,0,0,-1
0,gate,881,0,0,0,-1
0,gate,882,0,0,0,-1
0,gate,883,0,0,0,-1
0,gate,884,0,0,0,-1
0,gate,885,0,0,0,-1
0,gate,886,0,0,0,-1
0,gate,887,0,0,0,-1
0,gate,888,0,0,0,-1
0,gate,889,0,0,0,-1
0,gate,890,0,0,0,-1
0,gate,891,0,0,0,-1
0,gate,892,0,0,0,-1
0,gate,893,0,0,0,-1
0,gate,894,0,0,0,-1
0,gate,895,0,0,0,-1
0,gate,896,0,0,0,-1
0,gate,897,0,0,0,-1
0,gate,898,0,0,0,-1
0,gate,899,0,0,0,-1
0,gate,900,0,0,0,-1
0,gate,901,0,0,0,-1
0,gate,902,0,0,0,-1
0,gate,903,0,0,0,-1
0,gate,904,0,0,0,-1
0,gate,905,0,0,0,-1
0,gate,906,0,0,0,-1
0,gate,907,0,0,0,-1
0,gate,908,0,0,0,-1
0,gate,909,0,0,0,-1
0,gate,910,0,0,0,-1
0,gate,911,0,0,0,-1
0,gate,912,0,0,0,-1
0,gate,913,0,0,0,-1
0,gate,914,0,0,0,-1
0,gate,915,0,0,0,-1
0,gate,916,0,0,0,-1
0,gate,917,0,0,0,-1
0,gate,918,0,0,0,-1
0,gate,919,0,0,0,-1
0,gate,920,0,0,0,-1
0,gate,921,0,0,0,-1
0,gate,922,0,0,0,-1
0,gate,923,0,0,0,-1
0,gate,924,0,0,0,-1
0,gate,925,0,0,0,-1
0,gate,926,0,0,0,-1
0,gate,927,0,0,0,-1
0,gate,928,0,0,0,-1
0,gate,929,0,0,0,-1
0,gate,930,0,0,0,-1
0,gate,931,0,0,0,-1
0,gate,932,0,0,0,-1
0,gate,933,0,0,0,-1
0,gate,934,0,0,0,-1
0,gate,935,0,0,0,-1
0,gate,936,0,0,0,-1
0,gate,937,0,0,0,-1
0,gate,938,0,0,0,-1
0,gate,939,0,0,0,-1
0,gate,940,0,0,0,-1
0,gate,941,0,0,0,-1
0,gate,942,0,0,0,-1
0,gate,943,0,0,0,-1
0,gate,944,0,0,0,-1
0,gate,945,0,0,0,-1
0,gate,946,0,0,0,-1
0,gate,947,0,0,0,-1
0,gate,948,0,0,0,-1
0,gate,949,0,0,0,-1
0,gate,950,0,0,0,-1
0,gate,951,0,0,0,-1
0,gate,952,0,0,0,-1
0,gate,953,0,0,0,-1
0,gate,954,0,0,0,-1
0,gate,955,0,0,0,-1
0,gate,956,0,0,0,-1
0,gate,957,0,0,0,-1
0,gate,958,0,0,0,-1
0,gate,959,0,0,0,-1
0,gate,960,0,0,0,-1
0,gate,961,0,0,0,-1
0,gate,962,0,0,0,-1
0,gate,963,0,0,0,-1
0,gate,964,0,0,0,-1
0,gate,965,0,0,0,-1
0,gate,966,0,0,0,-1
0,gate,967,0,0,0,-1
0,gate,968,0,0,0,-1
0,gate,969,0,0,0,-1
0,gate,970,0,0,0,-1
0,gate,971,0,0,0,-1
0,gate,972,0,0,0,-1
0,gate,973,0,0,0,-1
0,gate,974,0,0,0,-1
0,gate,975,0,0,0,-1
0,gate,976,0,0,0,-1
0,gate,977,0,0,0,-1
0,gate,978,0,0,0,-1
0,gate,979,0,0,0,-1
0,gate,980,0,0,0,-1
0,gate,981,0,0,0,-1
0,gate,982,0,0,0,-1
0,gate,983,0,0,0,-1
0,gate,984,0,0,0,-1
0,gate,985,0,0,0,-1
0,gate,986,0,0,0,-1
0,gate,987,0,0,0,-1
0,gate,988,0,0,0,-1
0,gate,989,0,0,0,-1
0,gate,990,0,0,0,-1
0,gate,991,0,0,0,-1
0,gate,992,0,0,0,-1
0,gate,993,0,0,0,-1
0,gate,994,0,0,0,-1
0,gate,995,0,0,0,-1
0,gate,996,0,0,0,-1
0,gate,997,0,0,0,-1
0,gate,998,0,0,0,-1
0,gate,999,0,0,0,-1
0,gate,1000,0,0,0,-1
0,gate,1001,0,0,0,-1
0,gate,1002,0,0,0,-1
0,gate,1003,0,0,0,-1
0,gate,1004,0,0,0,-1
0,gate,1005,0,0,0,-1
0,gate,1006,0,0,0,-1
0,gate,1007,0,0,0,-1
0,gate,1008,0,0,0,-1
0,gate,1009,0,0,0,-1
0,gate,1010,0,0,0,-1
0,gate,1011,0,0,0,-1
0,gate,1012,0,0,0,-1
0,gate,1013,0,0,0,-1
0,gate,1014,0,0,0,-1
0,gate,1015,0,0,0,-1
0,gate,1016,0,0,0,-1
0,gate,1017,0,0,0,-1
0,gate,1018,0,0,0,-1
0,gate,1019,0,0,0,-1
0,gate,1020,0,0,0,-1
0,gate,1021,0,0,0,-1
0,gate,1022,0,0,0,-1
0,gate,1023,0,0,0,-1
0,gate,1024,0,0,0,-1
0,gate,1025,0,0,0,-1
0,gate,1026,0,0,0,-1
0,gate,1027,0,0,0,-1
0,gate,1028,0,0,0,-1
0,gate,1029,0,0,0,-1
0,gate,1030,0,0,0,-1
0,gate,1031,0,0,0,-1
0,gate,1032,0,0,0,-1
0,gate,1033,0,0,0,-1
0,gate,1034,0,0,0,-1
0,gate,1035,0,0,0,-1
0,gate,1036,0,0,0,-1
0,gate,1037,0,0,0,-1
0,gate,1038,0,0,0,-1
0,gate,1039,0,0,0,-1
0,gate,1040,0,0,0,-1
0,gate,1041,0,0,0,-1
0,gate,1042,0,0,0,-1
0,gate,1043,0,0,0,-1
0,gate,1044,0,0,0,-1
0,gate,1045,0,0,0,-1
0,gate,1046,0,0,0,-1
0,gate,1047,0,0,0,-1
0,gate,1048,0,0,0,-1
0,gate,1049,0,0,0,-1
0,gate,1050,0,0,0,-1
0,gate,1051,0,0,0,-1
0,gate,1052,0,0,0,-1
0,gate,1053,0,0,0,-1
0,gate,1054,0,0,0,-1
0,gate,1055,0,0,0,-1
0,gate,1056,0,0,0,-1
0,gate,1057,0,0,0,-1
0,gate,1058,0,0,0,-1
0,gate,1059,0,0,0,-1
0,gate,1060,0,0,0,-1
0,gate,1061,0,0,0,-1
0,gate,1062,0,0,0,-1
0,gate,1063,0,0,0,-1
0,gate,1064,0,0,0,-1
0,gate,1065,0,0,0,-1
0,gate,1066,0,0,0,-1
0,gate,1067,0,0,0,-1
0,gate,1068,0,0,0,-1
0,gate,1069,0,0,0,-1
0,gate,1070,0,0,0,-1
0,gate,1071,0,0,0,-1
0,gate,1072,0,0,0,-1
0,gate,1073,0,0,0,-1
0,gate,1074,0,0,0,-1
0,gate,1075,0,0,0,-1
0,gate,1076,0,0,0,-1
0,gate,1077,0,0,0,-1
0,gate,1078,0,0,0,-1
0,gate,1079,0,0,0,-1
0,gate,1080,0,0,0,-1
0,gate,1081,0,0,0,-1
0,gate,1082,0,0,0,-1
0,gate,1083,0,0,0,-1
0,gate,1084,0,0,0,-1
0,gate,1085,0,0,0,-1
0,gate,1086,0,0,0,-1
0,gate,1087,0,0,0,-1
0,gate,1088,0,0,0,-1
0,gate,1089,0,0,0,-1
0,gate,1090,0,0,0,-1
0,gate,1091,0,0,0,-1
0,gate,1092,0,0,0,-1
0,gate,1093,0,0,0,-1
0,gate,1094,0,0,0,-1
0,gate,1095,0,0,0,-1
0,gate,1096,0,0,0,-1
0,gate,1097,0,0,0,-1
0,gate,1098,0,0,0,-1
0,gate,1099,0,0,0,-1
0,gate,1100,0,0,0,-1
0,gate,1101,0,0,0,-1
0,gate,1102,0,0,0,-1
0,gate,1103,0,0,0,-1
0,gate,1104,0,0,0,-1
0,gate,1105,0,0,0,-1
0,gate,1106,0,0,0,-1
0,gate,1107,0,0,0,-1
0,gate,1108,0,0,0,-1
0,gate,1109,0,0,0,-1
0,gate,1110,0,0,0,-1
0,gate,1111,0,0,0,-1
0,gate,1112,0,0,0,-1
0,gate,1113,0,0,0,-1
0,gate,1114,0,0,0,-1
0,gate,1115,0,0,0,-1
0,gate,1116,0,0,0,-1
0,gate,1117,0,0,0,-1
0,gate,1118,0,0,0,-1
0,gate,1119,0,0,0,-1
0,gate,1120,0,0,0,-1
0,gate,1121,0,0,0,-1
0,gate,1122,0,0,0,-1
0,gate,1123,0,0,0,-1
0,gate,1124,0,0,0,-1
0,gate,1125,0,0,0,-1
0,gate,1126,0,0,0,-1
0,gate,1127,0,0,0,-1
0,gate,1128,0,0,0,-1
0,gate,1129,0,0,0,-1
0,gate,1130,0,0,0,-1
0,gate,1131,0,0,0,-1
0,gate,1132,0,0,0,-1
0,gate,1133,0,0,0,-1
0,gate,1134,0,0,0,-1
0,gate,1135,0,0,0,-1
0,gate,1136,0,0,0,-1
0,gate,1137,0,0,0,-1
0,gate,1138,0,0,0,-1
0,gate,1139,0,0,0,-1
0,gate,1140,0,0,0,-1
0,gate,1141,0,0,0,-1
0,gate,1142,0,0,0,-1
0,gate,1143,0,0,0,-1
0,gate,1144,0,0,0,-1
0,gate,1145,0,0,0,-1
0,gate,1146,0,0,0,-1
0,gate,1147,0,0,0,-1
0,gate,1148,0,0,0,-1
0,gate,1149,0,0,0,-1
0,gate,1150,0,0,0,-1
0,gate,1151,0,0,0,-1
0,gate,1152,0,0,0,-1
0,gate,1153,0,0,0,-1
0,gate,1154,0,0,0,-1
0,gate,1155,0,0,0,-1
0,gate,1156,0,0,0,-1
0,gate,1157,0,0,0,-1
0,gate,1158,0,0,0,-1
0,gate,1159,0,0,0,-1
0,gate,1160,0,0,0,-1
0,gate,1161,0,0,0,-1
0,gate,1162,0,0,0,-1
0,gate,1163,0,0,0,-1
0,gate,1164,0,0,0,-1
0,gate,1165,0,0,0,-1
0,gate,1166,0,0,0,-1
0,gate,1167,0,0,0,-1
0,gate,1168,0,0,0,-1
0,gate,1169,0,0,0,-1
0,gate,1170,0,0,0,-1
0,gate,1171,0,0,0,-1
0,gate,1172,0,0,0,-1
0,gate,1173,0,0,0,-1
0,gate,1174,0,0,0,-1
0,gate,1175,0,0,0,-1
0,gate,1176,0,0,0,-1
0,gate,1177,0,0,0,-1
0,gate,1178,0,0,0,-1
0,gate,1179,0,0,0,-1
0,gate,1180,0,0,0,-1
0,gate,1181,0,0,0,-1
0,gate,1182,0,0,0,-1
0,gate,1183,0,0,0,-1
0,gate,1184,0,0,0,-1
0,gate,1185,0,0,0,-1
0,gate,1186,0,0,0,-1
0,gate,1187,0,0,0,-1
0,gate,1188,0,0,0,-1
0,gate,1189,0,0,0,-1
0,gate,1190,0,0,0,-1
0,gate,1191,0,0,0,-1
0,gate,1192,0,0,0,-1
0,gate,1193,0,0,0,-1
0,gate,1194,0,0,0,-1
0,gate,1195,0,0,0,-1
0,gate,1196,0,0,0,-1
0,gate,1197,0,0,0,-1
0,gate,1198,0,0,0,-1
0,gate,1199,0,0,0,-1
0,gate,1200,0,0,0,-1
0,gate,1201,0,0,0,-1
0,gate,1202,0,0,0,-1
0,gate,1203,0,0,0,-1
0,gate,1204,0,0,0,-1
0,gate,1205,0,0,0,-1
0,gate,1206,0,0,0,-1
0,gate,1207,0,0,0,-1
0,gate,1208,0,0,0,-1
0,gate,1209,0,0,0,-1
0,gate,1210,0,0,0,-1
0,gate,1211,0,0,0,-1
0,gate,1212,0,0,0,-1
0,gate,1213,0,0,0,-1
0,gate,1214,0,0,0,-1
0,gate,1215,0,0,0,-1
0,gate,1216,0,0,0,-1
0,gate,1217,0,0,0,-1
0,gate,1218,0,0,0,-1
0,gate,1219,0,0,0,-1
0,gate,1220,0,0,0,-1
0,gate,1221,0,0,0,-1
0,gate,1222,0,0,0,-1
0,gate,1223,0,0,0,-1
0,gate,1224,0,0,0,-1
0,gate,1225,0,0,0,-1
0,gate,1226,0,0,0,-1
0,gate,1227,0,0,0,-1
0,gate,1228,0,0,0,-1
0,gate,1229,0,0,0,-1
0,gate,1230,0,0,0,-1
0,gate,1231,0,0,0,-1
0,gate,1232,0,0,0,-1
0,gate,1233,0,0,0,-1
0,gate,1234,0,0,0,-1
0,gate,1235,0,0,0,-1
0,gate,1236,0,0,0,-1
0,gate,1237,0,0,0,-1
0,gate,1238,0,0,0,-1
0,gate,1239,0,0,0,-1
0,gate,1240,0,0,0,-1
0,gate,1241,0,0,0,-1
0,gate,1242,0,0,0,-1
0,gate,1243,0,0,0,-1
0,gate,1244,0,0,0,-1
0,gate,1245,0,0,0,-1
0,gate,1246,0,0,0,-1
0,gate,1247,0,0,0,-1
0,gate,1248,0,0,0,-1
0,gate,1249,0,0,0,-1
0,gate,1250,0,0,0,-1
0,gate,1251,0,0,0,-1
0,gate,1252,0,0,0,-1
0,gate,1253,0,0,0,-1
0,gate,1254,0,0,0,-1
0,gate,1255,0,0,0,-1
0,gate,1256,0,0,0,-1
0,gate,1257,0,0,0,-1
0,gate,1258,0,0,0,-1
0,gate,1259,0,0,0,-1
0,gate,1260,0,0,0,-1
0,gate,1261,0,0,0,-1
0,gate,1262,0,0,0,-1
0,gate,1263,0,0,0,-1
0,gate,1264,0,0,0,-1
0,gate,1265,0,0,0,-1
0,gate,1266,0,0,0,-1
0,gate,1267,0,0,0,-1
0,gate,1268,0,0,0,-1
0,gate,1269,0,0,0,-1
0,gate,1270,0,0,0,-1
0,gate,1271,0,0,0,-1
0,gate,1272,0,0,0,-1
0,gate,1273,0,0,0,-1
0,gate,1274,0,0,0,-1
0,gate,1275,0,0,0,-1
0,gate,1276,0,0,0,-1
0,gate,1277,0,0,0,-1
0,gate,1278,0,0,0,-1
0,gate,1279,0,0,0,-1
0,gate,1280,0,0,0,-1
0,gate,1281,0,0,0,-1
0,gate,1282,0,0,0,-1
0,gate,1283,0,0,0,-1
0,gate,1284,0,0,0,-1
0,gate,1285,0,0,0,-1
0,gate,1286,0,0,0,-1
0,gate,1287,0,0,0,-1
0,gate,1288,0,0,0,-1
0,gate,1289,0,0,0,-1
0,gate,1290,0,0,0,-1
0,gate,1291,0,0,0,-1
0,gate,1292,0,0,0,-1
0,gate,1293,0,0,0,-1
0,gate,1294,0,0,0,-1
0,gate,1295,0,0,0,-1
0,gate,1296,0,0,0,-1
0,gate,1297,0,0,0,-1
0,gate,1298,0,0,0,-1
0,gate,1299,0,0,0,-1
0,gate,1300,0,0,0,-1
0,gate,1301,0,0,0,-1
0,gate,1302,0,0,0,-1
0,gate,1303,0,0,0,-1
0,gate,1304,0,0,0,-1
0,gate,1305,0,0,0,-1
0,gate,1306,0,0,0,-1
0,gate,1307,0,0,0,-1
0,gate,1308,0,0,0,-1
0,gate,1309,0,0,0,-1
0,gate,1310,0,0,0,-1
0,gate,1311,0,0,0,-1
0,gate,1312,0,0,0,-1
0,gate,1313,0,0,0,-1
0,gate,1314,0,0,0,-1
0,gate,1315,0,0,0,-1
0,gate,1316,0,0,0,-1
0,gate,1317,0,0,0,-1
0,gate,1318,0,0,0,-1
0,gate,1319,0,0,0,-1
0,gate,1320,0,0,0,-1
0,gate,1321,0,0,0,-1
0,gate,1322,0,0,0,-1
0,gate,1323,0,0,0,-1
0,gate,1324,0,0,0,-1
0,gate,1325,0,0,0,-1
0,gate,1326,0,0,0,-1
0,gate,1327,0,0,0,-1
0,gate,1328,0,0,0,-1
0,gate,1329,0,0,0,-1
0,gate,1330,0,0,0,-1
0,gate,1331,0,0,0,-1
0,gate,1332,0,0,0,-1
0,gate,1333,0,0,0,-1
0,gate,1334,0,0,0,-1
0,gate,1335,0,0,0,-1
0,gate,1336,0,0,0,-1
0,gate,1337,0,0,0,-1
0,gate,1338,0,0,0,-1
0,gate,1339,0,0,0,-1
0,gate,1340,0,0,0,-1
0,gate,1341,0,0,0,-1
0,gate,1342,0,0,0,-1
0,gate,1343,0,0,0,-1
0,gate,1344,0,0,0,-1
0,gate,1345,0,0,0,-1
0,gate,1346,0,0,0,-1
0,gate,1347,0,0,0,-1
0,gate,1348,0,0,0,-1
0,gate,1349,0,0,0,-1
0,gate,1350,0,0,0,-1
0,gate,1351,0,0,0,-1
0,gate,1352,0,0,0,-1
0,gate,1353,0,0,0,-1
0,gate,1354,0,0,0,-1
0,gate,1355,0,0,0,-1
0,gate,1356,0,0,0,-1
0,gate,1357,0,0,0,-1
0,gate,1358,0,0,0,-1
0,gate,1359,0,0,0,-1
0,gate,1360,0,0,0,-1
0,gate,1361,0,0,0,-1
0,gate,1362,0,0,0,-1
0,gate,1363,0,0,0,-1
0,gate,1364,0,0,0,-1
0,gate,1365,0,0,0,-1
0,gate,1366,0,0,0,-1
0,gate,1367,0,0,0,-1
0,gate,1368,0,0,0,-1
0,gate,1369,0,0,0,-1
0,gate,1370,0,0,0,-1
0,gate,1371,0,0,0,-1
0,gate,1372,0,0,0,-1
0,gate,1373,0,0,0,-1
0,gate,1374,0,0,0,-1
0,gate,1375,0,0,0,-1
0,gate,1376,0,0,0,-1
0,gate,1377,0,0,0,-1
0,gate,1378,0,0,0,-1
0,gate,1379,0,0,0,-1
0,gate,1380,0,0,0,-1
0,gate,1381,0,0,0,-1
0,gate,1382,0,0,0,-1
0,gate,1383,0,0,0,-1
0,gate,1384,0,0,0,-1
0,gate,1385,0,0,0,-1
0,gate,1386,0,0,0,-1
0,gate,1387,0,0,0,-1
0,gate,1388,0,0,0,-1
0,gate,1389,0,0,0,-1
0,gate,1390,0,0,0,-1
0,gate,1391,0,0,0,-1
0,gate,1392,0,0,0,-1
0,gate,1393,0,0,0,-1
0,gate,1394,0,0,0,-1
0,gate,1395,0,0,0,-1
0,gate,1396,0,0,0,-1
0,gate,1397,0,0,0,-1
0,gate,1398,0,0,0,-1
0,gate,1399,0,0,0,-1
0,gate,1400,0,0,0,-1
0,gate,1401,0,0,0,-1
0,gate,1402,0,0,0,-1
0,gate,1403,0,0,0,-1
0,gate,1404,0,0,0,-1
0,gate,1405,0,0,0,-1
0,gate,1406,0,0,0,-1
0,gate,1407,0,0,0,-1
0,gate,1408,0,0,0,-1
0,gate,1409,0,0,0,-1
0,gate,1410,0,0,0,-1
0,gate,1411,0,0,0,-1
0,gate,1412,0,0,0,-1
0,gate,1413,0,0,0,-1
0,gate,1414,0,0,0,-1
0,gate,1415,0,0,0,-1
0,gate,1416,0,0,0,-1
0,gate,1417,0,0,0,-1
0,gate,1418,0,0,0,-1
0,gate,1419,0,0,0,-1
0,gate,1420,0,0,0,-1
0,gate,1421,0,0,0,-1
0,gate,1422,0,0,0,-1
0,gate,1423,0,0,0,-1
0,gate,1424,0,0,0,-1
0,gate,1425,0,0,0,-1
0,gate,1426,0,0,0,-1
0,gate,1427,0,0,0,-1
0,gate,1428,0,0,0,-1
0,gate,1429,0,0,0,-1
0,gate,1430,0,0,0,-1
0,gate,1431,0,0,0,-1
0,gate,1432,0,0,0,-1
0,gate,1433,0,0,0,-1
0,gate,1434,0,0,0,-1
0,gate,1435,0,0,0,-1
0,gate,1436,0,0,0,-1
0,gate,1437,0,0,0,-1
0,gate,1438,0,0,0,-1
0,gate,1439,0,0,0,-1
0,gate,1440,0,0,0,-1
0,gate,1441,0,0,0,-1
0,gate,1442,0,0,0,-1
0,gate,1443,0,0,0,-1
0,gate,1444,0,0,0,-1
0,gate,1445,0,0,0,-1
0,gate,1446,0,0,0,-1
0,gate,1447,0,0,0,-1
0,gate,1448,0,0,0,-1
0,gate,1449,0,0,0,-1
0,gate,1450,0,0,0,-1
0,gate,1451,0,0,0,-1
0,gate,1452,0,0,0,-1
0,gate,1453,0,0,0,-1
0,gate,1454,0,0,0,-1
0,gate,1455,0,0,0,-1
0,gate,1456,0,0,0,-1
0,gate,1457,0,0,0,-1
0,gate,1458,0,0,0,-1
0,gate,1459,0,0,0,-1
0,gate,1460,0,0,0,-1
0,gate,1461,0,0,0,-1
0,gate,1462,0,0,0,-1
0,gate,1463,0,0,0,-1
0,gate,1464,0,0,0,-1
0,gate,1465,0,0,0,-1
0,gate,1466,0,0,0,-1
0,gate,1467,0,0,0,-1
0,gate,1468,0,0,0,-1
0,gate,1469,0,0,0,-1
0,gate,1470,0,0,0,-1
0,gate,1471,0,0,0,-1
0,gate,1472,0,0,0,-1
0,gate,1473,0,0,0,-1
0,gate,1474,0,0,0,-1
0,gate,1475,0,0,0,-1
0,gate,1476,0,0,0,-1
0,gate,1477,0,0,0,-1
0,gate,1478,0,0,0,-1
0,gate,1479,0,0,0,-1
0,gate,1480,0,0,0,-1
0,gate,1481,0,0,0,-1
0,gate,1482,0,0,0,-1
0,gate,1483,0,0,0,-1
0,gate,1484,0,0,0,-1
0,gate,1485,0,0,0,-1
0,gate,1486,0,0,0,-1
0,gate,1487,0,0,0,-1
0,gate,1488,0,0,0,-1
0,gate,1489,0,0,0,-1
0,gate,1490,0,0,0,-1
0,gate,1491,0,0,0,-1
0,gate,1492,0,0,0,-1
0,gate,1493,0,0,0,-1
0,gate,1494,0,0,0,-1
0,gate,1495,0,0,0,-1
0,gate,1496,0,0,0,-1
0,gate,1497,0,0,0,-1
0,gate,1498,0,0,0,-1
0,gate,1499,0,0,0,-1
0,gate,1500,0,0,0,-1
0,linear,1,0,0,0,-1
0,linear,2,0,0,0,-1
0,linear,3,0,0,0,-1
0,linear,4,0,0,0,-1
0,linear,5,0,0,0,-1
0,linear,6,0,0,0,-1
0,linear,7,0,0,0,-1
0,linear,8,0,0,0,-1
0,linear,9,0,0,0,-1
0,linear,10,0,0,0,-1
0,linear,11,0,0,0,-1
0,linear,12,0,0,0,-1
0,linear,13,0,0,0,-1
0,linear,14,0,0,0,-1
0,linear,15,0,0,0,-1
0,linear,16,0,0,0,-1
0,linear,17,0,0,0,-1
0,linear,18,0,0,0,-1
0,linear,19,0,0,0,-1
0,linear,20,0,0,0,-1
0,linear,21,0,0,0,-1
0,linear,22,0,0,0,-1
0,linear,23,0,0,0,-1
0,linear,24,0,0,0,-1
0,linear,25,0,0,0,-1
0,linear,26,0,0,0,-1
0,linear,27,0,0,0,-1
0,linear,28,0,0,0,-1
0,linear,29,0,0,0,-1
0,linear,30,0,0,0,-1
0,linear,31,0,0,0,-1
0,linear,32,0,0,0,-1
0,linear,33,0,0,0,-1
0,linear,34,0,0,0,-1
0,linear,35,0,0,0,-1
0,linear,36,0,0,0,-1
0,linear,37,0,0,0,-1
0,linear,38,0,0,0,-1
0,linear,39,0,0,0,-1
0,linear,40,0,0,0,-1
0,linear,41,0,0,0,-1
0,linear,42,0,0,0,-1
0,linear,43,0,0,0,-1
0,linear,44,0,0,0,-1
0,linear,45,0,0,0,-1
0,linear,46,0,0,0,-1
0,linear,47,0,0,0,-1
0,linear,48,0,0,0,-1
0,linear,49,0,0,0,-1
0,linear,50,0,0,0,-1
0,linear,51,0,0,0,-1
0,linear,52,0,0,0,-1
0,linear,53,0,0,0,-1
0,linear,54,0,0,0,-1
0,linear,55,0,0,0,-1
0,linear,56,0,0,0,-1
0,linear,57,0,0,0,-1
0,linear,58,0,0,0,-1
0,linear,59,0,0,0,-1
0,linear,60,0,0,0,-1
0,linear,61,0,0,0,-1
0,linear,62,0,0,0,-1
0,linear,63,0,0,0,-1
0,linear,64,0,0,0,-1
0,linear,65,0,0,0,-1
0,linear,66,0,0,0,-1
0,linear,67,0,0,0,-1
0,linear,68,0,0,0,-1
0,linear,69,0,0,0,-1
0,linear,70,0,0,0,-1
0,linear,71,0,0,0,-1
0,linear,72,0,0,0,-1
0,linear,73,0,0,0,-1
0,linear,74,0,0,0,-1
0,linear,75,0,0,0,-1
0,linear,76,0,0,0,-1
0,linear,77,0,0,0,-1
0,linear,78,0,0,0,-1
0,linear,79,0,0,0,-1
0,linear,80,0,0,0,-1
0,linear,81,0,0,0,-1
0,linear,82,0,0,0,-1
0,linear,83,0,0,0,-1
0,linear,84,0,0,0,-1
0,linear,85,0,0,0,-1
0,linear,86,0,0,0,-1
0,linear,87,0,0,0,-1
0,linear,88,0,0,0,-1
0,linear,89,0,0,0,-1
0,linear,90,0,0,0,-1
0,linear,91,0,0,0,-1
0,linear,92,0,0,0,-1
0,linear,93,0,0,0,-1
0,linear,94,0,0,0,-1
0,linear,95,0,0,0,-1
0,linear,96,0,0,0,-1
0,linear,97,0,0,0,-1
0,linear,98,0,0,0,-1
0,linear,99,0,0,0,-1
0,linear,100,0,0,0,-1
0,linear,101,0,0,0,-1
0,linear,102,0,0,0,-1
0,linear,103,0,0,0,-1
0,linear,104,0,0,0,-1
0,linear,105,0,0,0,-1
0,linear,106,0,0,0,-1
0,linear,107,0,0,0,-1
0,linear,108,0,0,0,-1
0,linear,109,0,0,0,-1
0,linear,110,0,0,0,-1
0,linear,111,0,0,0,-1
0,linear,112,0,0,0,-1
0,linear,113,0,0,0,-1
0,linear,114,0,0,0,-1
0,linear,115,0,0,0,-1
0,linear,116,0,0,0,-1
0,linear,117,0,0,0,-1
0,linear,118,0,0,0,-1
0,linear,119,0,0,0,-1
0,linear,120,0,0,0,-1
0,linear,121,0,0,0,-1
0,linear,122,0,0,0,-1
0,linear,123,0,0,0,-1
0,linear,124,0,0,0,-1
0,linear,125,0,0,0,-1
0,linear,126,0,0,0,-1
0,linear,127,0,0,0,-1
0,linear,128,0,0,0,-1
0,linear,129,0,0,0,-1
0,linear,130,0,0,0,-1
0,linear,131,0,0,0,-1
0,linear,132,0,0,0,-1
0,linear,133,0,0,0,-1
0,linear,134,0,0,0,-1
0,linear,135,0,0,0,-1
0,linear,136,0,0,0,-1
0,linear,137,0,0,0,-1
0,linear,138,0,0,0,-1
0,linear,139,0,0,0,-1
0,linear,140,0,0,0,-1
0,linear,141,0,0,0,-1
0,linear,142,0,0,0,-1
0,linear,143,0,0,0,-1
0,linear,144,0,0,0,-1
0,linear,145,0,0,0,-1
0,linear,146,0,0,0,-1
0,linear,147,0,0,0,-1
0,linear,148,0,0,0,-1
0,linear,149,0,0,0,-1
0,linear,150,0,0,0,-1
0,linear,151,0,0,0,-1
0,linear,152,0,0,0,-1
0,linear,153,0,0,0,-1
0,linear,154,0,0,0,-1
0,linear,155,0,0,0,-1
0,linear,156,0,0,0,-1
0,linear,157,0,0,0,-1
0,linear,158,0,0,0,-1
0,linear,159,0,0,0,-1
0,linear,160,0,0,0,-1
0,linear,161,0,0,0,-1
0,linear,162,0,0,0,-1
0,linear,163,0,0,0,-1
0,linear,164,0,0,0,-1
0,linear,165,0,0,0,-1
0,linear,166,0,0,0,-1
0,linear,167,0,0,0,-1
0,linear,168,0,0,0,-1
0,linear,169,0,0,0,-1
0,linear,170,0,0,0,-1
0,linear,171,0,0,0,-1
0,linear,172,0,0,0,-1
0,linear,173,0,0,0,-1
0,linear,174,0,0,0,-1
0,linear,175,0,0,0,-1
0,linear,176,0,0,0,-1
0,linear,177,0,0,0,-1
0,linear,178,0,0,0,-1
0,linear,179,0,0,0,-1
0,linear,180,0,0,0,-1
0,linear,181,0,0,0,-1
0,linear,182,0,0,0,-1
0,linear,183,0,0,0,-1
0,linear,184,0,0,0,-1
0,linear,185,0,0,0,-1
0,linear,186,0,0,0,-1
0,linear,187,0,0,0,-1
0,linear,188,0,0,0,-1
0,linear,189,0,0,0,-1
0,linear,190,0,0,0,-1
0,linear,191,0,0,0,-1
0,linear,192,0,0,0,-1
0,linear,193,0,0,0,-1
0,linear,194,0,0,0,-1
0,linear,195,0,0,0,-1
0,linear,196,0,0,0,-1
0,linear,197,0,0,0,-1
0,linear,198,0,0,0,-1
0,linear,199,0,0,0,-1
0,linear,200,0,0,0,-1
0,linear,201,0,0,0,-1
0,linear,202,0,0,0,-1
0,linear,203,0,0,0,-1
0,linear,204,0,0,0,-1
0,linear,205,0,0,0,-1
0,linear,206,0,0,0,-1
0,linear,207,0,0,0,-1
0,linear,208,0,0,0,-1
0,linear,209,0,0,0,-1
0,linear,210,0,0,0,-1
0,linear,211,0,0,0,-1
0,linear,212,0,0,0,-1
0,linear,213,0,0,0,-1
0,linear,214,0,0,0,-1
0,linear,215,0,0,0,-1
0,linear,216,0,0,0,-1
0,linear,217,0,0,0,-1
0,linear,218,0,0,0,-1
0,linear,219,0,0,0,-1
0,linear,220,0,0,0,-1
0,linear,221,0,0,0,-1
0,linear,222,0,0,0,-1
0,linear,223,0,0,0,-1
0,linear,224,0,0,0,-1
0,linear,225,0,0,0,-1
0,linear,226,0,0,0,-1
0,linear,227,0,0,0,-1
0,linear,228,0,0,0,-1
0,linear,229,0,0,0,-1
0,linear,230,0,0,0,-1
0,linear,231,0,0,0,-1
0,linear,232,0,0,0,-1
0,linear,233,0,0,0,-1
0,linear,234,0,0,0,-1
0,linear,235,0,0,0,-1
0,linear,236,0,0,0,-1
0,linear,237,0,0,0,-1
0,linear,238,0,0,0,-1
0,linear,239,0,0,0,-1
0,linear,240,0,0,0,-1
0,linear,241,0,0,0,-1
0,linear,242,0,0,0,-1
0,linear,243,0,0,0,-1
0,linear,244,0,0,0,-1
0,linear,245,0,0,0,-1
0,linear,246,0,0,0,-1
0,linear,247,0,0,0,-1
0,linear,248,0,0,0,-1
0,linear,249,0,0,0,-1
0,linear,250,0,0,0,-1
0,linear,251,0,0,0,-1
0,linear,252,0,0,0,-1
0,linear,253,0,0,0,-1
0,linear,254,0,0,0,-1
0,linear,255,0,0,0,-1
0,linear,256,0,0,0,-1
0,linear,257,0,0,0,-1
0,linear,258,0,0,0,-1
0,linear,259,0,0,0,-1
0,linear,260,0,0,0,-1
0,linear,261,0,0,0,-1
0,linear,262,0,0,0,-1
0,linear,263,0,0,0,-1
0,linear,264,0,0,0,-1
0,linear,265,0,0,0,-1
0,linear,266,0,0,0,-1
0,linear,267,0,0,0,-1
0,linear,268,0,0,0,-1
0,linear,269,0,0,0,-1
0,linear,270,0,0,0,-1
0,linear,271,0,0,0,-1
0,linear,272,0,0,0,-1
0,linear,273,0,0,0,-1
0,linear,274,0,0,0,-1
0,linear,275,0,0,0,-1
0,linear,276,0,0,0,-1
0,linear,277,0,0,0,-1
0,linear,278,0,0,0,-1
0,linear,279,0,0,0,-1
0,linear,280,0,0,0,-1
0,linear,281,0,0,0,-1
0,linear,282,0,0,0,-1
0,linear,283,0,0,0,-1
0,linear,284,0,0,0,-1
0,linear,285,0,0,0,-1
0,linear,286,0,0,0,-1
0,linear,287,0,0,0,-1
0,linear,288,0,0,0,-1
0,linear,289,0,0,0,-1
0,linear,290,0,0,0,-1
0,linear,291,0,0,0,-1
0,linear,292,0,0,0,-1
0,linear,293,0,0,0,-1
0,linear,294,0,0,0,-1
0,linear,295,0,0,0,-1
0,linear,296,0,0,0,-1
0,linear,297,0,0,0,-1
0,linear,298,0,0,0,-1
0,linear,299,0,0,0,-1
0,linear,300,0,0,0,-1
0,linear,301,0,0,0,-1
0,linear,302,0,0,0,-1
0,linear,303,0,0,0,-1
0,linear,304,0,0,0,-1
0,linear,305,0,0,0,-1
0,linear,306,0,0,0,-1
0,linear,307,0,0,0,-1
0,linear,308,0,0,0,-1
0,linear,309,0,0,0,-1
0,linear,310,0,0,0,-1
0,linear,311,0,0,0,-1
0,linear,312,0,0,0,-1
0,linear,313,0,0,0,-1
0,linear,314,0,0,0,-1
0,linear,315,0,0,0,-1
0,linear,316,0,0,0,-1
0,linear,317,0,0,0,-1
0,linear,318,0,0,0,-1
0,linear,319,0,0,0,-1
0,linear,320,0,0,0,-1
0,linear,321,0,0,0,-1
0,linear,322,0,0,0,-1
0,linear,323,0,0,0,-1
0,linear,324,0,0,0,-1
0,linear,325,0,0,0,-1
0,linear,326,0,0,0,-1
0,linear,327,0,0,0,-1
0,linear,328,0,0,0,-1
0,linear,329,0,0,0,-1
0,linear,330,0,0,0,-1
0,linear,331,0,0,0,-1
0,linear,332,0,0,0,-1
0,linear,333,0,0,0,-1
0,linear,334,0,0,0,-1
0,linear,335,0,0,0,-1
0,linear,336,0,0,0,-1
0,linear,337,0,0,0,-1
0,linear,338,0,0,0,-1
0,linear,339,0,0,0,-1
0,linear,340,0,0,0,-1
0,linear,341,0,0,0,-1
0,linear,342,0,0,0,-1
0,linear,343,0,0,0,-1
0,linear,344,0,0,0,-1
0,linear,345,0,0,0,-1
0,linear,346,0,0,0,-1
0,linear,347,0,0,0,-1
0,linear,348,0,0,0,-1
0,linear,349,0,0,0,-1
0,linear,350,0,0,0,-1
0,linear,351,0,0,0,-1
0,linear,352,0,0,0,-1
0,linear,353,0,0,0,-1
0,linear,354,0,0,0,-1
0,linear,355,0,0,0,-1
0,linear,356,0,0,0,-1
0,linear,357,0,0,0,-1
0,linear,358,0,0,0,-1
0,linear,359,0,0,0,-1
0,linear,360,0,0,0,-1
0,linear,361,0,0,0,-1
0,linear,362,0,0,0,-1
0,linear,363,0,0,0,-1
0,linear,364,0,0,0,-1
0,linear,365,0,0,0,-1
0,linear,366,0,0,0,-1
0,linear,367,0,0,0,-1
0,linear,368,0,0,0,-1
0,linear,369,0,0,0,-1
0,linear,370,0,0,0,-1
0,linear,371,0,0,0,-1
0,linear,372,0,0,0,-1
0,linear,373,0,0,0,-1
0,linear,374,0,0,0,-1
0,linear,375,0,0,0,-1
0,linear,376,0,0,0,-1
0,linear,377,0,0,0,-1
0,linear,378,0,0,0,-1
0,linear,379,0,0,0,-1
0,linear,380,0,0,0,-1
0,linear,381,0,0,0,-1
0,linear,382,0,0,0,-1
0,linear,383,0,0,0,-1
0,linear,384,0,0,0,-1
0,linear,385,0,0,0,-1
0,linear,386,0,0,0,-1
0,linear,387,0,0,0,-1
0,linear,388,0,0,0,-1
0,linear,389,0,0,0,-1
0,linear,390,0,0,0,-1
0,linear,391,0,0,0,-1
0,linear,392,0,0,0,-1
0,linear,393,0,0,0,-1
0,linear,394,0,0,0,-1
0,linear,395,0,0,0,-1
0,linear,396,0,0,0,-1
0,linear,397,0,0,0,-1
0,linear,398,0,0,0,-1
0,linear,399,0,0,0,-1
0,linear,400,0,0,0,-1
0,linear,401,0,0,0,-1
0,linear,402,0,0,0,-1
0,linear,403,0,0,0,-1
0,linear,404,0,0,0,-1
0,linear,405,0,0,0,-1
0,linear,406,0,0,0,-1
0,linear,407,0,0,0,-1
0,linear,408,0,0,0,-1
0,linear,409,0,0,0,-1
0,linear,410,0,0,0,-1
0,linear,411,0,0,0,-1
0,linear,412,0,0,0,-1
0,linear,413,0,0,0,-1
0,linear,414,0,0,0,-1
0,linear,415,0,0,0,-1
0,linear,416,0,0,0,-1
0,linear,417,0,0,0,-1
0,linear,418,0,0,0,-1
0,linear,419,0,0,0,-1
0,linear,420,0,0,0,-1
0,linear,421,0,0,0,-1
0,linear,422,0,0,0,-1
0,linear,423,0,0,0,-1
0,linear,424,0,0,0,-1
0,linear,425,0,0,0,-1
0,linear,426,0,0,0,-1
0,linear,427,0,0,0,-1
0,linear,428,0,0,0,-1
0,linear,429,0,0,0,-1
0,linear,430,0,0,0,-1
0,linear,431,0,0,0,-1
0,linear,432,0,0,0,-1
0,linear,433,0,0,0,-1
0,linear,434,0,0,0,-1
0,linear,435,0,0,0,-1
0,linear,436,0,0,0,-1
0,linear,437,0,0,0,-1
0,linear,438,0,0,0,-1
0,linear,439,0,0,0,-1
0,linear,440,0,0,0,-1
0,linear,441,0,0,0,-1
0,linear,442,0,0,0,-1
0,linear,443,0,0,0,-1
0,linear,444,0,0,0,-1
0,linear,445,0,0,0,-1
0,linear,446,0,0,0,-1
0,linear,447,0,0,0,-1
0,linear,448,0,0,0,-1
0,linear,449,0,0,0,-1
0,linear,450,0,0,0,-1
0,linear,451,0,0,0,-1
0,linear,452,0,0,0,-1
0,linear,453,0,0,0,-1
0,linear,454,0,0,0,-1
0,linear,455,0,0,0,-1
0,linear,456,0,0,0,-1
0,linear,457,0,0,0,-1
0,linear,458,0,0,0,-1
0,linear,459,0,0,0,-1
0,linear,460,0,0,0,-1
0,linear,461,0,0,0,-1
0,linear,462,0,0,0,-1
0,linear,463,0,0,0,-1
0,linear,464,0,0,0,-1
0,linear,465,0,0,0,-1
0,linear,466,0,0,0,-1
0,linear,467,0,0,0,-1
0,linear,468,0,0,0,-1
0,linear,469,0,0,0,-1
0,linear,470,0,0,0,-1
0,linear,471,0,0,0,-1
0,linear,472,0,0,0,-1
0,linear,473,0,0,0,-1
0,linear,474,0,0,0,-1
0,linear,475,0,0,0,-1
0,linear,476,0,0,0,-1
0,linear,477,0,0,0,-1
0,linear,478,0,0,0,-1
0,linear,479,0,0,0,-1
0,linear,480,0,0,0,-1
0,linear,481,0,0,0,-1
0,linear,482,0,0,0,-1
0,linear,483,0,0,0,-1
0,linear,484,0,0,0,-1
0,linear,485,0,0,0,-1
0,linear,486,0,0,0,-1
0,linear,487,0,0,0,-1
0,linear,488,0,0,0,-1
0,linear,489,0,0,0,-1
0,linear,490,0,0,0,-1
0,linear,491,0,0,0,-1
0,linear,492,0,0,0,-1
0,linear,493,0,0,0,-1
0,linear,494,0,0,0,-1
0,linear,495,0,0,0,-1
0,linear,496,0,0,0,-1
0,linear,497,0,0,0,-1
0,linear,498,0,0,0,-1
0,linear,499,0,0,0,-1
0,linear,500,0,0,0,-1
0,linear,501,0,0,0,-1
0,linear,502,0,0,0,-1
0,linear,503,0,0,0,-1
0,linear,504,0,0,0,-1
0,linear,505,0,0,0,-1
0,linear,506,0,0,0,-1
0,linear,507,0,0,0,-1
0,linear,508,0,0,0,-1
0,linear,509,0,0,0,-1
0,linear,510,0,0,0,-1
0,linear,511,0,0,0,-1
0,linear,512,0,0,0,-1
0,linear,513,0,0,0,-1
0,linear,514,0,0,0,-1
0,linear,515,0,0,0,-1
0,linear,516,0,0,0,-1
0,linear,517,0,0,0,-1
0,linear,518,0,0,0,-1
0,linear,519,0,0,0,-1
0,linear,520,0,0,0,-1
0,linear,521,0,0,0,-1
0,linear,522,0,0,0,-1
0,linear,523,0,0,0,-1
0,linear,524,0,0,0,-1
0,linear,525,0,0,0,-1
0,linear,526,0,0,0,-1
0,linear,527,0,0,0,-1
0,linear,528,0,0,0,-1
0,linear,529,0,0,0,-1
0,linear,530,0,0,0,-1
0,linear,531,0,0,0,-1
0,linear,532,0,0,0,-1
0,linear,533,0,0,0,-1
0,linear,534,0,0,0,-1
0,linear,535,0,0,0,-1
0,linear,536,0,0,0,-1
0,linear,537,0,0,0,-1
0,linear,538,0,0,0,-1
0,linear,539,0,0,0,-1
0,linear,540,0,0,0,-1
0,linear,541,0,0,0,-1
0,linear,542,0,0,0,-1
0,linear,543,0,0,0,-1
0,linear,544,0,0,0,-1
0,linear,545,0,0,0,-1
0,linear,546,0,0,0,-1
0,linear,547,0,0,0,-1
0,linear,548,0,0,0,-1
0,linear,549,0,0,0,-1
0,linear,550,0,0,0,-1
0,linear,551,0,0,0,-1
0,linear,552,0,0,0,-1
0,linear,553,0,0,0,-1
0,linear,554,0,0,0,-1
0,linear,555,0,0,0,-1
0,linear,556,0,0,0,-1
0,linear,557,0,0,0,-1
0,linear,558,0,0,0,-1
0,linear,559,0,0,0,-1
0,linear,560,0,0,0,-1
0,linear,561,0,0,0,-1
0,linear,562,0,0,0,-1
0,linear,563,0,0,0,-1
0,linear,564,0,0,0,-1
0,linear,565,0,0,0,-1
0,linear,566,0,0,0,-1
0,linear,567,0,0,0,-1
0,linear,568,0,0,0,-1
0,linear,569,0,0,0,-1
0,linear,570,0,0,0,-1
0,linear,571,0,0,0,-1
0,linear,572,0,0,0,-1
0,linear,573,0,0,0,-1
0,linear,574,0,0,0,-1
0,linear,575,0,0,0,-1
0,linear,576,0,0,0,-1
0,linear,577,0,0,0,-1
0,linear,578,0,0,0,-1
0,linear,579,0,0,0,-1
0,linear,580,0,0,0,-1
0,linear,581,0,0,0,-1
0,linear,582,0,0,0,-1
0,linear,583,0,0,0,-1
0,linear,584,0,0,0,-1
0,linear,585,0,0,0,-1
0,linear,586,0,0,0,-1
0,linear,587,0,0,0,-1
0,linear,588,0,0,0,-1
0,linear,589,0,0,0,-1
0,linear,590,0,0,0,-1
0,linear,591,0,0,0,-1
0,linear,592,0,0,0,-1
0,linear,593,0,0,0,-1
0,linear,594,0,0,0,-1
0,linear,595,0,0,0,-1
0,linear,596,0,0,0,-1
0,linear,597,0,0,0,-1
0,linear,598,0,0,0,-1
0,linear,599,0,0,0,-1
0,linear,600,0,0,0,-1
0,linear,601,0,0,0,-1
0,linear,602,0,0,0,-1
0,linear,603,0,0,0,-1
0,linear,604,0,0,0,-1
0,linear,605,0,0,0,-1
0,linear,606,0,0,0,-1
0,linear,607,0,0,0,-1
0,linear,608,0,0,0,-1
0,linear,609,0,0,0,-1
0,linear,610,0,0,0,-1
0,linear,611,0,0,0,-1
0,linear,612,0,0,0,-1
0,linear,613,0,0,0,-1
0,linear,614,0,0,0,-1
0,linear,615,0,0,0,-1
0,linear,616,0,0,0,-1
0,linear,617,0,0,0,-1
0,linear,618,0,0,0,-1
0,linear,619,0,0,0,-1
0,linear,620,0,0,0,-1
0,linear,621,0,0,0,-1
0,linear,622,0,0,0,-1
0,linear,623,0,0,0,-1
0,linear,624,0,0,0,-1
0,linear,625,0,0,0,-1
0,linear,626,0,0,0,-1
0,linear,627,0,0,0,-1
0,linear,628,0,0,0,-1
0,linear,629,0,0,0,-1
0,linear,630,0,0,0,-1
0,linear,631,0,0,0,-1
0,linear,632,0,0,0,-1
0,linear,633,0,0,0,-1
0,linear,634,0,0,0,-1
0,linear,635,0,0,0,-1
0,linear,636,0,0,0,-1
0,linear,637,0,0,0,-1
0,linear,638,0,0,0,-1
0,linear,639,0,0,0,-1
0,linear,640,0,0,0,-1
0,linear,641,0,0,0,-1
0,linear,642,0,0,0,-1
0,linear,643,0,0,0,-1
0,linear,644,0,0,0,-1
0,linear,645,0,0,0,-1
0,linear,646,0,0,0,-1
0,linear,647,0,0,0,-1
0,linear,648,0,0,0,-1
0,linear,649,0,0,0,-1
0,linear,650,0,0,0,-1
0,linear,651,0,0,0,-1
0,linear,652,0,0,0,-1
0,linear,653,0,0,0,-1
0,linear,654,0,0,0,-1
0,linear,655,0,0,0,-1
0,linear,656,0,0,0,-1
0,linear,657,0,0,0,-1
0,linear,658,0,0,0,-1
0,linear,659,0,0,0,-1
0,linear,660,0,0,0,-1
0,linear,661,0,0,0,-1
0,linear,662,0,0,0,-1
0,linear,663,0,0,0,-1
0,linear,664,0,0,0,-1
0,linear,665,0,0,0,-1
0,linear,666,0,0,0,-1
0,linear,667,0,0,0,-1
0,linear,668,0,0,0,-1
0,linear,669,0,0,0,-1
0,linear,670,0,0,0,-1
0,linear,671,0,0,0,-1
0,linear,672,0,0,0,-1
0,linear,673,0,0,0,-1
0,linear,674,0,0,0,-1
0,linear,675,0,0,0,-1
0,linear,676,0,0,0,-1
0,linear,677,0,0,0,-1
0,linear,678,0,0,0,-1
0,linear,679,0,0,0,-1
0,linear,680,0,0,0,-1
0,linear,681,0,0,0,-1
0,linear,682,0,0,0,-1
0,linear,683,0,0,0,-1
0,linear,684,0,0,0,-1
0,linear,685,0,0,0,-1
0,linear,686,0,0,0,-1
0,linear,687,0,0,0,-1
0,linear,688,0,0,0,-1
0,linear,689,0,0,0,-1
0,linear,690,0,0,0,-1
0,linear,691,0,0,0,-1
0,linear,692,0,0,0,-1
0,linear,693,0,0,0,-1
0,linear,694,0,0,0,-1
0,linear,695,0,0,0,-1
0,linear,696,0,0,0,-1
0,linear,697,0,0,0,-1
0,linear,698,0,0,0,-1
0,linear,699,0,0,0,-1
0,linear,700,0,0,0,-1
0,linear,701,0,0,0,-1
0,linear,702,0,0,0,-1
0,linear,703,0,0,0,-1
0,linear,704,0,0,0,-1
0,linear,705,0,0,0,-1
0,linear,706,0,0,0,-1
0,linear,707,0,0,0,-1
0,linear,708,0,0,0,-1
0,linear,709,0,0,0,-1
0,linear,710,0,0,0,-1
0,linear,711,0,0,0,-1
0,linear,712,0,0,0,-1
0,linear,713,0,0,0,-1
0,linear,714,0,0,0,-1
0,linear,715,0,0,0,-1
0,linear,716,0,0,0,-1
0,linear,717,0,0,0,-1
0,linear,718,0,0,0,-1
0,linear,719,0,0,0,-1
0,linear,720,0,0,0,-1
0,linear,721,0,0,0,-1
0,linear,722,0,0,0,-1
0,linear,723,0,0,0,-1
0,linear,724,0,0,0,-1
0,linear,725,0,0,0,-1
0,linear,726,0,0,0,-1
0,linear,727,0,0,0,-1
0,linear,728,0,0,0,-1
0,linear,729,0,0,0,-1
0,linear,730,0,0,0,-1
0,linear,731,0,0,0,-1
0,linear,732,0,0,0,-1
0,linear,733,0,0,0,-1
0,linear,734,0,0,0,-1
0,linear,735,0,0,0,-1
0,linear,736,0,0,0,-1
0,linear,737,0,0,0,-1
0,linear,738,0,0,0,-1
0,linear,739,0,0,0,-1
0,linear,740,0,0,0,-1
0,linear,741,0,0,0,-1
0,linear,742,0,0,0,-1
0,linear,743,0,0,0,-1
0,linear,744,0,0,0,-1
0,linear,745,0,0,0,-1
0,linear,746,0,0,0,-1
0,linear,747,0,0,0,-1
0,linear,748,0,0,0,-1
0,linear,749,0,0,0,-1
0,linear,750,0,0,0,-1
0,linear,751,0,0,0,-1
0,linear,752,0,0,0,-1
0,linear,753,0,0,0,-1
0,linear,754,0,0,0,-1
0,linear,755,0,0,0,-1
0,linear,756,0,0,0,-1
0,linear,757,0,0,0,-1
0,linear,758,0,0,0,-1
0,linear,759,0,0,0,-1
0,linear,760,0,0,0,-1
0,linear,761,0,0,0,-1
0,linear,762,0,0,0,-1
0,linear,763,0,0,0,-1
0,linear,764,0,0,0,-1
0,linear,765,0,0,0,-1
0,linear,766,0,0,0,-1
0,linear,767,0,0,0,-1
0,linear,768,0,0,0,-1
0,linear,769,0,0,0,-1
0,linear,770,0,0,0,-1
0,linear,771,0,0,0,-1
0,linear,772,0,0,0,-1
0,linear,773,0,0,0,-1
0,linear,774,0,0,0,-1
0,linear,775,0,0,0,-1
0,linear,776,0,0,0,-1
0,linear,777,0,0,0,-1
0,linear,778,0,0,0,-1
0,linear,779,0,0,0,-1
0,linear,780,0,0,0,-1
0,linear,781,0,0,0,-1
0,linear,782,0,0,0,-1
0,linear,783,0,0,0,-1
0,linear,784,0,0,0,-1
0,linear,785,0,0,0,-1
0,linear,786,0,0,0,-1
0,linear,787,0,0,0,-1
0,linear,788,0,0,0,-1
0,linear,789,0,0,0,-1
0,linear,790,0,0,0,-1
0,linear,791,0,0,0,-1
0,linear,792,0,0,0,-1
0,linear,793,0,0,0,-1
0,linear,794,0,0,0,-1
0,linear,795,0,0,0,-1
0,linear,796,0,0,0,-1
0,linear,797,0,0,0,-1
0,linear,798,0,0,0,-1
0,linear,799,0,0,0,-1
0,linear,800,0,0,0,-1
0,linear,801,0,0,0,-1
0,linear,802,0,0,0,-1
0,linear,803,0,0,0,-1
0,linear,804,0,0,0,-1
0,linear,805,0,0,0,-1
0,linear,806,0,0,0,-1
0,linear,807,0,0,0,-1
0,linear,808,0,0,0,-1
0,linear,809,0,0,0,-1
0,linear,810,0,0,0,-1
0,linear,811,0,0,0,-1
0,linear,812,0,0,0,-1
0,linear,813,0,0,0,-1
0,linear,814,0,0,0,-1
0,linear,815,0,0,0,-1
0,linear,816,0,0,0,-1
0,linear,817,0,0,0,-1
0,linear,818,0,0,0,-1
0,linear,819,0,0,0,-1
0,linear,820,0,0,0,-1
0,linear,821,0,0,0,-1
0,linear,822,0,0,0,-1
0,linear,823,0,0,0,-1
0,linear,824,0,0,0,-1
0,linear,825,0,0,0,-1
0,linear,826,0,0,0,-1
0,linear,827,0,0,0,-1
0,linear,828,0,0,0,-1
0,linear,829,0,0,0,-1
0,linear,830,0,0,0,-1
0,linear,831,0,0,0,-1
0,linear,832,0,0,0,-1
0,linear,833,0,0,0,-1
0,linear,834,0,0,0,-1
0,linear,835,0,0,0,-1
0,linear,836,0,0,0,-1
0,linear,837,0,0,0,-1
0,linear,838,0,0,0,-1
0,linear,839,0,0,0,-1
0,linear,840,0,0,0,-1
0,linear,841,0,0,0,-1
0,linear,842,0,0,0,-1
0,linear,843,0,0,0,-1
0,linear,844,0,0,0,-1
0,linear,845,0,0,0,-1
0,linear,846,0,0,0,-1
0,linear,847,0,0,0,-1
0,linear,848,0,0,0,-1
0,linear,849,0,0,0,-1
0,linear,850,0,0,0,-1
0,linear,851,0,0,0,-1
0,linear,852,0,0,0,-1
0,linear,853,0,0,0,-1
0,linear,854,0,0,0,-1
0,linear,855,0,0,0,-1
0,linear,856,0,0,0,-1
0,linear,857,0,0,0,-1
0,linear,858,0,0,0,-1
0,linear,859,0,0,0,-1
0,linear,860,0,0,0,-1
0,linear,861,0,0,0,-1
0,linear,862,0,0,0,-1
0,linear,863,0,0,0,-1
0,linear,864,0,0,0,-1
0,linear,865,0,0,0,-1
0,linear,866,0,0,0,-1
0,linear,867,0,0,0,-1
0,linear,868,0,0,0,-1
0,linear,869,0,0,0,-1
0,linear,870,0,0,0,-1
0,linear,871,0,0,0,-1
0,linear,872,0,0,0,-1
0,linear,873,0,0,0,-1
0,linear,874,0,0,0,-1
0,linear,875,0,0,0,-1
0,linear,876,0,0,0,-1
0,linear,877,0,0,0,-1
0,linear,878,0,0,0,-1
0,linear,879,0,0,0,-1
0,linear,880,0,0,0,-1
0,linear,881,0,0,0,-1
0,linear,882,0,0,0,-1
0,linear,883,0,0,0,-1
0,linear,884,0,0,0,-1
0,linear,885,0,0,0,-1
0,linear,886,0,0,0,-1
0,linear,887,0,0,0,-1
0,linear,888,0,0,0,-1
0,linear,889,0,0,0,-1
0,linear,890,0,0,0,-1
0,linear,891,0,0,0,-1
0,linear,892,0,0,0,-1
0,linear,893,0,0,0,-1
0,linear,894,0,0,0,-1
0,linear,895,0,0,0,-1
0,linear,896,0,0,0,-1
0,linear,897,0,0,0,-1
0,linear,898,0,0,0,-1
0,linear,899,0,0,0,-1
0,linear,900,0,0,0,-1
0,linear,901,0,0,0,-1
0,linear,902,0,0,0,-1
0,linear,903,0,0,0,-1
0,linear,904,0,0,0,-1
0,linear,905,0,0,0,-1
0,linear,906,0,0,0,-1
0,linear,907,0,0,0,-1
0,linear,908,0,0,0,-1
0,linear,909,0,0,0,-1
0,linear,910,0,0,0,-1
0,linear,911,0,0,0,-1
0,linear,912,0,0,0,-1
0,linear,913,0,0,0,-1
0,linear,914,0,0,0,-1
0,linear,915,0,0,0,-1
0,linear,916,0,0,0,-1
0,linear,917,0,0,0,-1
0,linear,918,0,0,0,-1
0,linear,919,0,0,0,-1
0,linear,920,0,0,0,-1
0,linear,921,0,0,0,-1
0,linear,922,0,0,0,-1
0,linear,923,0,0,0,-1
0,linear,924,0,0,0,-1
0,linear,925,0,0,0,-1
0,linear,926,0,0,0,-1
0,linear,927,0,0,0,-1
0,linear,928,0,0,0,-1
0,linear,929,0,0,0,-1
0,linear,930,0,0,0,-1
0,linear,931,0,0,0,-1
0,linear,932,0,0,0,-1
0,linear,933,0,0,0,-1
0,linear,934,0,0,0,-1
0,linear,935,0,0,0,-1
0,linear,936,0,0,0,-1
0,linear,937,0,0,0,-1
0,linear,938,0,0,0,-1
0,linear,939,0,0,0,-1
0,linear,940,0,0,0,-1
0,linear,941,0,0,0,-1
0,linear,942,0,0,0,-1
0,linear,943,0,0,0,-1
0,linear,944,0,0,0,-1
0,linear,945,0,0,0,-1
0,linear,946,0,0,0,-1
0,linear,947,0,0,0,-1
0,linear,948,0,0,0,-1
0,linear,949,0,0,0,-1
0,linear,950,0,0,0,-1
0,linear,951,0,0,0,-1
0,linear,952,0,0,0,-1
0,linear,953,0,0,0,-1
0,linear,954,0,0,0,-1
0,linear,955,0,0,0,-1
0,linear,956,0,0,0,-1
0,linear,957,0,0,0,-1
0,linear,958,0,0,0,-1
0,linear,959,0,0,0,-1
0,linear,960,0,0,0,-1
0,linear,961,0,0,0,-1
0,linear,962,0,0,0,-1
0,linear,963,0,0,0,-1
0,linear,964,0,0,0,-1
0,linear,965,0,0,0,-1
0,linear,966,0,0,0,-1
0,linear,967,0,0,0,-1
0,linear,968,0,0,0,-1
0,linear,969,0,0,0,-1
0,linear,970,0,0,0,-1
0,linear,971,0,0,0,-1
0,linear,972,0,0,0,-1
0,linear,973,0,0,0,-1
0,linear,974,0,0,0,-1
0,linear,975,0,0,0,-1
0,linear,976,0,0,0,-1
0,linear,977,0,0,0,-1
0,linear,978,0,0,0,-1
0,linear,979,0,0,0,-1
0,linear,980,0,0,0,-1
0,linear,981,0,0,0,-1
0,linear,982,0,0,0,-1
0,linear,983,0,0,0,-1
0,linear,984,0,0,0,-1
0,linear,985,0,0,0,-1
0,linear,986,0,0,0,-1
0,linear,987,0,0,0,-1
0,linear,988,0,0,0,-1
0,linear,989,0,0,0,-1
0,linear,990,0,0,0,-1
0,linear,991,0,0,0,-1
0,linear,992,0,0,0,-1
0,linear,993,0,0,0,-1
0,linear,994,0,0,0,-1
0,linear,995,0,0,0,-1
0,linear,996,0,0,0,-1
0,linear,997,0,0,0,-1
0,linear,998,0,0,0,-1
0,linear,999,0,0,0,-1
0,linear,1000,0,0,0,-1
0,linear,1001,0,0,0,-1
0,linear,1002,0,0,0,-1
0,linear,1003,0,0,0,-1
0,linear,1004,0,0,0,-1
0,linear,1005,0,0,0,-1
0,linear,1006,0,0,0,-1
0,linear,1007,0,0,0,-1
0,linear,1008,0,0,0,-1
0,linear,1009,0,0,0,-1
0,linear,1010,0,0,0,-1
0,linear,1011,0,0,0,-1
0,linear,1012,0,0,0,-1
0,linear,1013,0,0,0,-1
0,linear,1014,0,0,0,-1
0,linear,1015,0,0,0,-1
0,linear,1016,0,0,0,-1
0,linear,1017,0,0,0,-1
0,linear,1018,0,0,0,-1
0,linear,1019,0,0,0,-1
0,linear,1020,0,0,0,-1
0,linear,1021,0,0,0,-1
0,linear,1022,0,0,0,-1
0,linear,1023,0,0,0,-1
0,linear,1024,0,0,0,-1
0,linear,1025,0,0,0,-1
0,linear,1026,0,0,0,-1
0,linear,1027,0,0,0,-1
0,linear,1028,0,0,0,-1
0,linear,1029,0,0,0,-1
0,linear,1030,0,0,0,-1
0,linear,1031,0,0,0,-1
0,linear,1032,0,0,0,-1
0,linear,1033,0,0,0,-1
0,linear,1034,0,0,0,-1
0,linear,1035,0,0,0,-1
0,linear,1036,0,0,0,-1
0,linear,1037,0,0,0,-1
0,linear,1038,0,0,0,-1
0,linear,1039,0,0,0,-1
0,linear,1040,0,0,0,-1
0,linear,1041,0,0,0,-1
0,linear,1042,0,0,0,-1
0,linear,1043,0,0,0,-1
0,linear,1044,0,0,0,-1
0,linear,1045,0,0,0,-1
0,linear,1046,0,0,0,-1
0,linear,1047,0,0,0,-1
0,linear,1048,0,0,0,-1
0,linear,1049,0,0,0,-1
0,linear,1050,0,0,0,-1
0,linear,1051,0,0,0,-1
0,linear,1052,0,0,0,-1
0,linear,1053,0,0,0,-1
0,linear,1054,0,0,0,-1
0,linear,1055,0,0,0,-1
0,linear,1056,0,0,0,-1
0,linear,1057,0,0,0,-1
0,linear,1058,0,0,0,-1
0,linear,1059,0,0,0,-1
0,linear,1060,0,0,0,-1
0,linear,1061,0,0,0,-1
0,linear,1062,0,0,0,-1
0,linear,1063,0,0,0,-1
0,linear,1064,0,0,0,-1
0,linear,1065,0,0,0,-1
0,linear,1066,0,0,0,-1
0,linear,1067,0,0,0,-1
0,linear,1068,0,0,0,-1
0,linear,1069,0,0,0,-1
0,linear,1070,0,0,0,-1
0,linear,1071,0,0,0,-1
0,linear,1072,0,0,0,-1
0,linear,1073,0,0,0,-1
0,linear,1074,0,0,0,-1
0,linear,1075,0,0,0,-1
0,linear,1076,0,0,0,-1
0,linear,1077,0,0,0,-1
0,linear,1078,0,0,0,-1
0,linear,1079,0,0,0,-1
0,linear,1080,0,0,0,-1
0,linear,1081,0,0,0,-1
0,linear,1082,0,0,0,-1
0,linear,1083,0,0,0,-1
0,linear,1084,0,0,0,-1
0,linear,1085,0,0,0,-1
0,linear,1086,0,0,0,-1
0,linear,1087,0,0,0,-1
0,linear,1088,0,0,0,-1
0,linear,1089,0,0,0,-1
0,linear,1090,0,0,0,-1
0,linear,1091,0,0,0,-1
0,linear,1092,0,0,0,-1
0,linear,1093,0,0,0,-1
0,linear,1094,0,0,0,-1
0,linear,1095,0,0,0,-1
0,linear,1096,0,0,0,-1
0,linear,1097,0,0,0,-1
0,linear,1098,0,0,0,-1
0,linear,1099,0,0,0,-1
0,linear,1100,0,0,0,-1
0,linear,1101,0,0,0,-1
0,linear,1102,0,0,0,-1
0,linear,1103,0,0,0,-1
0,linear,1104,0,0,0,-1
0,linear,1105,0,0,0,-1
0,linear,1106,0,0,0,-1
0,linear,1107,0,0,0,-1
0,linear,1108,0,0,0,-1
0,linear,1109,0,0,0,-1
0,linear,1110,0,0,0,-1
0,linear,1111,0,0,0,-1
0,linear,1112,0,0,0,-1
0,linear,1113,0,0,0,-1
0,linear,1114,0,0,0,-1
0,linear,1115,0,0,0,-1
0,linear,1116,0,0,0,-1
0,linear,1117,0,0,0,-1
0,linear,1118,0,0,0,-1
0,linear,1119,0,0,0,-1
0,linear,1120,0,0,0,-1
0,linear,1121,0,0,0,-1
0,linear,1122,0,0,0,-1
0,linear,1123,0,0,0,-1
0,linear,1124,0,0,0,-1
0,linear,1125,0,0,0,-1
0,linear,1126,0,0,0,-1
0,linear,1127,0,0,0,-1
0,linear,1128,0,0,0,-1
0,linear,1129,0,0,0,-1
0,linear,1130,0,0,0,-1
0,linear,1131,0,0,0,-1
0,linear,1132,0,0,0,-1
0,linear,1133,0,0,0,-1
0,linear,1134,0,0,0,-1
0,linear,1135,0,0,0,-1
0,linear,1136,0,0,0,-1
0,linear,1137,0,0,0,-1
0,linear,1138,0,0,0,-1
0,linear,1139,0,0,0,-1
0,linear,1140,0,0,0,-1
0,linear,1141,0,0,0,-1
0,linear,1142,0,0,0,-1
0,linear,1143,0,0,0,-1
0,linear,1144,0,0,0,-1
0,linear,1145,0,0,0,-1
0,linear,1146,0,0,0,-1
0,linear,1147,0,0,0,-1
0,linear,1148,0,0,0,-1
0,linear,1149,0,0,0,-1
0,linear,1150,0,0,0,-1
0,linear,1151,0,0,0,-1
0,linear,1152,0,0,0,-1
0,linear,1153,0,0,0,-1
0,linear,1154,0,0,0,-1
0,linear,1155,0,0,0,-1
0,linear,1156,0,0,0,-1
0,linear,1157,0,0,0,-1
0,linear,1158,0,0,0,-1
0,linear,1159,0,0,0,-1
0,linear,1160,0,0,0,-1
0,linear,1161,0,0,0,-1
0,linear,1162,0,0,0,-1
0,linear,1163,0,0,0,-1
0,linear,1164,0,0,0,-1
0,linear,1165,0,0,0,-1
0,linear,1166,0,0,0,-1
0,linear,1167,0,0,0,-1
0,linear,1168,0,0,0,-1
0,linear,1169,0,0,0,-1
0,linear,1170,0,0,0,-1
0,linear,1171,0,0,0,-1
0,linear,1172,0,0,0,-1
0,linear,1173,0,0,0,-1
0,linear,1174,0,0,0,-1
0,linear,1175,0,0,0,-1
0,linear,1176,0,0,0,-1
0,linear,1177,0,0,0,-1
0,linear,1178,0,0,0,-1
0,linear,1179,0,0,0,-1
0,linear,1180,0,0,0,-1
0,linear,1181,0,0,0,-1
0,linear,1182,0,0,0,-1
0,linear,1183,0,0,0,-1
0,linear,1184,0,0,0,-1
0,linear,1185,0,0,0,-1
0,linear,1186,0,0,0,-1
0,linear,1187,0,0,0,-1
0,linear,1188,0,0,0,-1
0,linear,1189,0,0,0,-1
0,linear,1190,0,0,0,-1
0,linear,1191,0,0,0,-1
0,linear,1192,0,0,0,-1
0,linear,1193,0,0,0,-1
0,linear,1194,0,0,0,-1
0,linear,1195,0,0,0,-1
0,linear,1196,0,0,0,-1
0,linear,1197,0,0,0,-1
0,linear,1198,0,0,0,-1
0,linear,1199,0,0,0,-1
0,linear,1200,0,0,0,-1
0,linear,1201,0,0,0,-1
0,linear,1202,0,0,0,-1
0,linear,1203,0,0,0,-1
0,linear,1204,0,0,0,-1
0,linear,1205,0,0,0,-1
0,linear,1206,0,0,0,-1
0,linear,1207,0,0,0,-1
0,linear,1208,0,0,0,-1
0,linear,1209,0,0,0,-1
0,linear,1210,0,0,0,-1
0,linear,1211,0,0,0,-1
0,linear,1212,0,0,0,-1
0,linear,1213,0,0,0,-1
0,linear,1214,0,0,0,-1
0,linear,1215,0,0,0,-1
0,linear,1216,0,0,0,-1
0,linear,1217,0,0,0,-1
0,linear,1218,0,0,0,-1
0,linear,1219,0,0,0,-1
0,linear,1220,0,0,0,-1
0,linear,1221,0,0,0,-1
0,linear,1222,0,0,0,-1
0,linear,1223,0,0,0,-1
0,linear,1224,0,0,0,-1
0,linear,1225,0,0,0,-1
0,linear,1226,0,0,0,-1
0,linear,1227,0,0,0,-1
0,linear,1228,0,0,0,-1
0,linear,1229,0,0,0,-1
0,linear,1230,0,0,0,-1
0,linear,1231,0,0,0,-1
0,linear,1232,0,0,0,-1
0,linear,1233,0,0,0,-1
0,linear,1234,0,0,0,-1
0,linear,1235,0,0,0,-1
0,linear,1236,0,0,0,-1
0,linear,1237,0,0,0,-1
0,linear,1238,0,0,0,-1
0,linear,1239,0,0,0,-1
0,linear,1240,0,0,0,-1
0,linear,1241,0,0,0,-1
0,linear,1242,0,0,0,-1
0,linear,1243,0,0,0,-1
0,linear,1244,0,0,0,-1
0,linear,1245,0,0,0,-1
0,linear,1246,0,0,0,-1
0,linear,1247,0,0,0,-1
0,linear,1248,0,0,0,-1
0,linear,1249,0,0,0,-1
0,linear,1250,0,0,0,-1
0,linear,1251,0,0,0,-1
0,linear,1252,0,0,0,-1
0,linear,1253,0,0,0,-1
0,linear,1254,0,0,0,-1
0,linear,1255,0,0,0,-1
0,linear,1256,0,0,0,-1
0,linear,1257,0,0,0,-1
0,linear,1258,0,0,0,-1
0,linear,1259,0,0,0,-1
0,linear,1260,0,0,0,-1
0,linear,1261,0,0,0,-1
0,linear,1262,0,0,0,-1
0,linear,1263,0,0,0,-1
0,linear,1264,0,0,0,-1
0,linear,1265,0,0,0,-1
0,linear,1266,0,0,0,-1
0,linear,1267,0,0,0,-1
0,linear,1268,0,0,0,-1
0,linear,1269,0,0,0,-1
0,linear,1270,0,0,0,-1
0,linear,1271,0,0,0,-1
0,linear,1272,0,0,0,-1
0,linear,1273,0,0,0,-1
0,linear,1274,0,0,0,-1
0,linear,1275,0,0,0,-1
0,linear,1276,0,0,0,-1
0,linear,1277,0,0,0,-1
0,linear,1278,0,0,0,-1
0,linear,1279,0,0,0,-1
0,linear,1280,0,0,0,-1
0,linear,1281,0,0,0,-1
0,linear,1282,0,0,0,-1
0,linear,1283,0,0,0,-1
0,linear,1284,0,0,0,-1
0,linear,1285,0,0,0,-1
0,linear,1286,0,0,0,-1
0,linear,1287,0,0,0,-1
0,linear,1288,0,0,0,-1
0,linear,1289,0,0,0,-1
0,linear,1290,0,0,0,-1
0,linear,1291,0,0,0,-1
0,linear,1292,0,0,0,-1
0,linear,1293,0,0,0,-1
0,linear,1294,0,0,0,-1
0,linear,1295,0,0,0,-1
0,linear,1296,0,0,0,-1
0,linear,1297,0,0,0,-1
0,linear,1298,0,0,0,-1
0,linear,1299,0,0,0,-1
0,linear,1300,0,0,0,-1
0,linear,1301,0,0,0,-1
0,linear,1302,0,0,0,-1
0,linear,1303,0,0,0,-1
0,linear,1304,0,0,0,-1
0,linear,1305,0,0,0,-1
0,linear,1306,0,0,0,-1
0,linear,1307,0,0,0,-1
0,linear,1308,0,0,0,-1
0,linear,1309,0,0,0,-1
0,linear,1310,0,0,0,-1
0,linear,1311,0,0,0,-1
0,linear,1312,0,0,0,-1
0,linear,1313,0,0,0,-1
0,linear,1314,0,0,0,-1
0,linear,1315,0,0,0,-1
0,linear,1316,0,0,0,-1
0,linear,1317,0,0,0,-1
0,linear,1318,0,0,0,-1
0,linear,1319,0,0,0,-1
0,linear,1320,0,0,0,-1
0,linear,1321,0,0,0,-1
0,linear,1322,0,0,0,-1
0,linear,1323,0,0,0,-1
0,linear,1324,0,0,0,-1
0,linear,1325,0,0,0,-1
0,linear,1326,0,0,0,-1
0,linear,1327,0,0,0,-1
0,linear,1328,0,0,0,-1
0,linear,1329,0,0,0,-1
0,linear,1330,0,0,0,-1
0,linear,1331,0,0,0,-1
0,linear,1332,0,0,0,-1
0,linear,1333,0,0,0,-1
0,linear,1334,0,0,0,-1
0,linear,1335,0,0,0,-1
0,linear,1336,0,0,0,-1
0,linear,1337,0,0,0,-1
0,linear,1338,0,0,0,-1
0,linear,1339,0,0,0,-1
0,linear,1340,0,0,0,-1
0,linear,1341,0,0,0,-1
0,linear,1342,0,0,0,-1
0,linear,1343,0,0,0,-1
0,linear,1344,0,0,0,-1
0,linear,1345,0,0,0,-1
0,linear,1346,0,0,0,-1
0,linear,1347,0,0,0,-1
0,linear,1348,0,0,0,-1
0,linear,1349,0,0,0,-1
0,linear,1350,0,0,0,-1
0,linear,1351,0,0,0,-1
0,linear,1352,0,0,0,-1
0,linear,1353,0,0,0,-1
0,linear,1354,0,0,0,-1
0,linear,1355,0,0,0,-1
0,linear,1356,0,0,0,-1
0,linear,1357,0,0,0,-1
0,linear,1358,0,0,0,-1
0,linear,1359,0,0,0,-1
0,linear,1360,0,0,0,-1
0,linear,1361,0,0,0,-1
0,linear,1362,0,0,0,-1
0,linear,1363,0,0,0,-1
0,linear,1364,0,0,0,-1
0,linear,1365,0,0,0,-1
0,linear,1366,0,0,0,-1
0,linear,1367,0,0,0,-1
0,linear,1368,0,0,0,-1
0,linear,1369,0,0,0,-1
0,linear,1370,0,0,0,-1
0,linear,1371,0,0,0,-1
0,linear,1372,0,0,0,-1
0,linear,1373,0,0,0,-1
0,linear,1374,0,0,0,-1
0,linear,1375,0,0,0,-1
0,linear,1376,0,0,0,-1
0,linear,1377,0,0,0,-1
0,linear,1378,0,0,0,-1
0,linear,1379,0,0,0,-1
0,linear,1380,0,0,0,-1
0,linear,1381,0,0,0,-1
0,linear,1382,0,0,0,-1
0,linear,1383,0,0,0,-1
0,linear,1384,0,0,0,-1
0,linear,1385,0,0,0,-1
0,linear,1386,0,0,0,-1
0,linear,1387,0,0,0,-1
0,linear,1388,0,0,0,-1
0,linear,1389,0,0,0,-1
0,linear,1390,0,0,0,-1
0,linear,1391,0,0,0,-1
0,linear,1392,0,0,0,-1
0,linear,1393,0,0,0,-1
0,linear,1394,0,0,0,-1
0,linear,1395,0,0,0,-1
0,linear,1396,0,0,0,-1
0,linear,1397,0,0,0,-1
0,linear,1398,0,0,0,-1
0,linear,1399,0,0,0,-1
0,linear,1400,0,0,0,-1
0,linear,1401,0,0,0,-1
0,linear,1402,0,0,0,-1
0,linear,1403,0,0,0,-1
0,linear,1404,0,0,0,-1
0,linear,1405,0,0,0,-1
0,linear,1406,0,0,0,-1
0,linear,1407,0,0,0,-1
0,linear,1408,0,0,0,-1
0,linear,1409,0,0,0,-1
0,linear,1410,0,0,0,-1
0,linear,1411,0,0,0,-1
0,linear,1412,0,0,0,-1
0,linear,1413,0,0,0,-1
0,linear,1414,0,0,0,-1
0,linear,1415,0,0,0,-1
0,linear,1416,0,0,0,-1
0,linear,1417,0,0,0,-1
0,linear,1418,0,0,0,-1
0,linear,1419,0,0,0,-1
0,linear,1420,0,0,0,-1
0,linear,1421,0,0,0,-1
0,linear,1422,0,0,0,-1
0,linear,1423,0,0,0,-1
0,linear,1424,0,0,0,-1
0,linear,1425,0,0,0,-1
0,linear,1426,0,0,0,-1
0,linear,1427,0,0,0,-1
0,linear,1428,0,0,0,-1
0,linear,1429,0,0,0,-1
0,linear,1430,0,0,0,-1
0,linear,1431,0,0,0,-1
0,linear,1432,0,0,0,-1
0,linear,1433,0,0,0,-1
0,linear,1434,0,0,0,-1
0,linear,1435,0,0,0,-1
0,linear,1436,0,0,0,-1
0,linear,1437,0,0,0,-1
0,linear,1438,0,0,0,-1
0,linear,1439,0,0,0,-1
0,linear,1440,0,0,0,-1
0,linear,1441,0,0,0,-1
0,linear,1442,0,0,0,-1
0,linear,1443,0,0,0,-1
0,linear,1444,0,0,0,-1
0,linear,1445,0,0,0,-1
0,linear,1446,0,0,0,-1
0,linear,1447,0,0,0,-1
0,linear,1448,0,0,0,-1
0,linear,1449,0,0,0,-1
0,linear,1450,0,0,0,-1
0,linear,1451,0,0,0,-1
0,linear,1452,0,0,0,-1
0,linear,1453,0,0,0,-1
0,linear,1454,0,0,0,-1
0,linear,1455,0,0,0,-1
0,linear,1456,0,0,0,-1
0,linear,1457,0,0,0,-1
0,linear,1458,0,0,0,-1
0,linear,1459,0,0,0,-1
0,linear,1460,0,0,0,-1
0,linear,1461,0,0,0,-1
0,linear,1462,0,0,0,-1
0,linear,1463,0,0,0,-1
0,linear,1464,0,0,0,-1
0,linear,1465,0,0,0,-1
0,linear,1466,0,0,0,-1
0,linear,1467,0,0,0,-1
0,linear,1468,0,0,0,-1
0,linear,1469,0,0,0,-1
0,linear,1470,0,0,0,-1
0,linear,1471,0,0,0,-1
0,linear,1472,0,0,0,-1
0,linear,1473,0,0,0,-1
0,linear,1474,0,0,0,-1
0,linear,1475,0,0,0,-1
0,linear,1476,0,0,0,-1
0,linear,1477,0,0,0,-1
0,linear,1478,0,0,0,-1
0,linear,1479,0,0,0,-1
0,linear,1480,0,0,0,-1
0,linear,1481,0,0,0,-1
0,linear,1482,0,0,0,-1
0,linear,1483,0,0,0,-1
0,linear,1484,0,0,0,-1
0,linear,1485,0,0,0,-1
0,linear,1486,0,0,0,-1
0,linear,1487,0,0,0,-1
0,linear,1488,0,0,0,-1
0,linear,1489,0,0,0,-1
0,linear,1490,0,0,0,-1
0,linear,1491,0,0,0,-1
0,linear,1492,0,0,0,-1
0,linear,1493,0,0,0,-1
0,linear,1494,0,0,0,-1
0,linear,1495,0,0,0,-1
0,linear,1496,0,0,0,-1
0,linear,1497,0,0,0,-1
0,linear,1498,0,0,0,-1
0,linear,1499,0,0,0,-1
0,linear,1500,0,0,0,-1
